Ticker,Name,Exchange
20MICRONS.NS,20 Microns Limited,NSE
21STCENMGM.NS,21st Century Management Services Limited,NSE
360ONE.NS,360 ONE WAM LIMITED,NSE
3IINFOLTD.NS,3i Infotech Limited,NSE
3MINDIA.NS,3M India Limited,NSE
3PLAND.NS,3P Land Holdings Limited,NSE
5PAISA.NS,5Paisa Capital Limited,NSE
63MOONS.NS,63 moons technologies limited,NSE
A2ZINFRA.NS,A2Z Infra Engineering Limited,NSE
AAATECH.NS,AAA Technologies Limited,NSE
AADHARHFC.NS,Aadhar Housing Finance Limited,NSE
AAKASH.NS,Aakash Exploration Services Limited,NSE
AAREYDRUGS.NS,Aarey Drugs & Pharmaceuticals Limited,NSE
AARNAV.NS,Aarnav Fashions Limited,NSE
AARON.NS,Aaron Industries Limited,NSE
AARTECH.NS,Aartech Solonics Limited,NSE
AARTIDRUGS.NS,Aarti Drugs Limited,NSE
AARTIIND.NS,Aarti Industries Limited,NSE
AARTIPHARM.NS,Aarti Pharmalabs Limited,NSE
AARTISURF.NS,Aarti Surfactants Limited,NSE
AARVI.NS,Aarvi Encon Limited,NSE
AAVAS.NS,Aavas Financiers Limited,NSE
ABB.NS,ABB India Limited,NSE
ABBOTINDIA.NS,Abbott India Limited,NSE
ABCAPITAL.NS,Aditya Birla Capital Limited,NSE
ABCOTS.NS,A B Cotspin India Limited,NSE
ABDL.NS,Allied Blenders and Distillers Limited,NSE
ABFRL.NS,Aditya Birla Fashion and Retail Limited,NSE
ABINFRA.NS,A B Infrabuild Limited,NSE
ABLBL.NS,Aditya Birla Lifestyle Brands Limited,NSE
ABMINTLLTD.NS,ABM International Limited,NSE
ABREL.NS,Aditya Birla Real Estate Limited,NSE
ABSLAMC.NS,Aditya Birla Sun Life AMC Limited,NSE
ACC.NS,ACC Limited,NSE
ACCELYA.NS,Accelya Solutions India Limited,NSE
ACCURACY.NS,Accuracy Shipping Limited,NSE
ACE.NS,Action Construction Equipment Limited,NSE
ACEINTEG.NS,Ace Integrated Solutions Limited,NSE
ACI.NS,Archean Chemical Industries Limited,NSE
ACL.NS,Andhra Cements Limited,NSE
ACMESOLAR.NS,Acme Solar Holdings Limited,NSE
ACUTAAS.NS,Acutaas Chemicals Limited,NSE
ADANIENSOL.NS,Adani Energy Solutions Limited,NSE
ADANIENT.NS,Adani Enterprises Limited,NSE
ADANIGREEN.NS,Adani Green Energy Limited,NSE
ADANIPORTS.NS,Adani Ports and Special Economic Zone Limited,NSE
ADANIPOWER.NS,Adani Power Limited,NSE
ADFFOODS.NS,ADF Foods Limited,NSE
ADL.NS,Archidply Decor Limited,NSE
ADOR.NS,Ador Welding Limited,NSE
ADROITINFO.NS,Adroit Infotech Limited,NSE
ADSL.NS,Allied Digital Services Limited,NSE
ADVAIT.NS,Advait Energy Transitions Limited,NSE
ADVANCE.NS,Advance Agrolife Limited,NSE
ADVANIHOTR.NS,Advani Hotels & Resorts (India) Limited,NSE
ADVENTHTL.NS,Advent Hotels International Limited,NSE
ADVENZYMES.NS,Advanced Enzyme Technologies Limited,NSE
AEGISLOG.NS,Aegis Logistics Limited,NSE
AEGISVOPAK.NS,Aegis Vopak Terminals Limited,NSE
AEPL.NS,Artemis Electricals and Projects Limited,NSE
AEQUS.NS,Aequs Limited,NSE
AEROENTER.NS,Aeroflex Enterprises Limited,NSE
AEROFLEX.NS,Aeroflex Industries Limited,NSE
AERONEU.NS,Aeroflex Neu Limited,NSE
AETHER.NS,Aether Industries Limited,NSE
AFCONS.NS,Afcons Infrastructure Limited,NSE
AFFLE.NS,Affle 3i Limited,NSE
AFFORDABLE.NS,Affordable Robotic & Automation Limited,NSE
AFIL.NS,Akme Fintrade (India) Limited,NSE
AFSL.NS,Abans Financial Services Limited,NSE
AGARIND.NS,Agarwal Industrial Corporation Limited,NSE
AGARWALEYE.NS,Dr. Agarwal's Health Care Limited,NSE
AGI.NS,AGI Greenpac Limited,NSE
AGIIL.NS,Agi Infra Limited,NSE
AGRITECH.NS,Agri-Tech (India) Limited,NSE
AGROPHOS.NS,Agro Phos India Limited,NSE
AHCL.NS,Anlon Healthcare Limited,NSE
AHLADA.NS,Ahlada Engineers Limited,NSE
AHLEAST.NS,Asian Hotels (East) Limited,NSE
AHLUCONT.NS,Ahluwalia Contracts (India) Limited,NSE
AHLWEST.NS,Asian Hotels (West) Limited,NSE
AIAENG.NS,AIA Engineering Limited,NSE
AIIL.NS,Authum Investment & Infrastructure Limited,NSE
AIRAN.NS,Airan Limited,NSE
AIROLAM.NS,Airo Lam limited,NSE
AJANTPHARM.NS,Ajanta Pharma Limited,NSE
AJAXENGG.NS,Ajax Engineering Limited,NSE
AJMERA.NS,Ajmera Realty & Infra India Limited,NSE
AJOONI.NS,Ajooni Biotech Limited,NSE
AKASH.NS,Akash Infra-Projects Limited,NSE
AKG.NS,Akg Exim Limited,NSE
AKI.NS,AKI India Limited,NSE
AKSHAR.NS,Akshar Spintex Limited,NSE
AKSHARCHEM.NS,AksharChem India Limited,NSE
AKSHOPTFBR.NS,Aksh Optifibre Limited,NSE
AKUMS.NS,Akums Drugs and Pharmaceuticals Limited,NSE
ALANKIT.NS,Alankit Limited,NSE
ALBERTDAVD.NS,Albert David Limited,NSE
ALEMBICLTD.NS,Alembic Limited,NSE
ALGOQUANT.NS,Algoquant Fintech Limited,NSE
ALICON.NS,Alicon Castalloy Limited,NSE
ALIVUS.NS,Alivus Life Sciences Limited,NSE
ALKALI.NS,Alkali Metals Limited,NSE
ALKEM.NS,Alkem Laboratories Limited,NSE
ALKYLAMINE.NS,Alkyl Amines Chemicals Limited,NSE
ALLCARGO.NS,Allcargo Logistics Limited,NSE
ALLDIGI.NS,Alldigi Tech Limited,NSE
ALLTIME.NS,All Time Plastics Limited,NSE
ALMONDZ.NS,Almondz Global Securities Limited,NSE
ALOKINDS.NS,Alok Industries Limited,NSE
ALPA.NS,Alpa Laboratories Limited,NSE
ALPHAGEO.NS,Alphageo (India) Limited,NSE
AMAGI.NS,Amagi Media Labs Limited,NSE
AMANTA.NS,Amanta Healthcare Limited,NSE
AMBER.NS,Amber Enterprises India Limited,NSE
AMBICAAGAR.NS,Ambica Agarbathies & Aroma industries Limited,NSE
AMBIKCO.NS,Ambika Cotton Mills Limited,NSE
AMBUJACEM.NS,Ambuja Cements Limited,NSE
AMDIND.NS,AMD Industries Limited,NSE
AMIRCHAND.NS,Amir Chand Jagdish Kumar (Exports) Limited,NSE
AMJLAND.NS,Amj Land Holdings Limited,NSE
AMNPLST.NS,Amines & Plasticizers Limited,NSE
AMRUTANJAN.NS,Amrutanjan Health Care Limited,NSE
ANANDRATHI.NS,Anand Rathi Wealth Limited,NSE
ANANTRAJ.NS,Anant Raj Limited,NSE
ANDHRAPAP.NS,ANDHRA PAPER LIMITED,NSE
ANDHRSUGAR.NS,The Andhra Sugars Limited,NSE
ANGELONE.NS,Angel One Limited,NSE
ANIKINDS.NS,Anik Industries Limited,NSE
ANKITMETAL.NS,Ankit Metal & Power Limited,NSE
ANMOL.NS,Anmol India Limited,NSE
ANSALAPI.NS,Ansal Properties & Infrastructure Limited,NSE
ANTELOPUS.NS,Antelopus Selan Energy Limited,NSE
ANTGRAPHIC.NS,Antarctica Limited,NSE
ANTHEM.NS,Anthem Biosciences Limited,NSE
ANUHPHR.NS,Anuh Pharma Limited,NSE
ANUP.NS,The Anup Engineering Limited,NSE
ANURAS.NS,Anupam Rasayan India Limited,NSE
APARINDS.NS,Apar Industries Limited,NSE
APCL.NS,Anjani Portland Cement Limited,NSE
APCOTEXIND.NS,Apcotex Industries Limited,NSE
APEX.NS,Apex Frozen Foods Limited,NSE
APLAPOLLO.NS,APL Apollo Tubes Limited,NSE
APLLTD.NS,Alembic Pharmaceuticals Limited,NSE
APOLLO.NS,Apollo Micro Systems Limited,NSE
APOLLOHOSP.NS,Apollo Hospitals Enterprise Limited,NSE
APOLLOPIPE.NS,Apollo Pipes Limited,NSE
APOLLOTYRE.NS,Apollo Tyres Limited,NSE
APOLSINHOT.NS,Apollo Sindoori Hotels Limited,NSE
APTECHT.NS,Aptech Limited,NSE
APTUS.NS,Aptus Value Housing Finance India Limited,NSE
AQYLON.NS,Aqylon Nexus Limited,NSE
ARCHIDPLY.NS,Archidply Industries Limited,NSE
ARCHIES.NS,Archies Limited,NSE
ARE&M.NS,Amara Raja Energy & Mobility Limited,NSE
ARENTERP.NS,Rajdarshan Industries Limited,NSE
ARFIN.NS,Arfin India Limited,NSE
ARIES.NS,Aries Agro Limited,NSE
ARIHANTCAP.NS,Arihant Capital Markets Limited,NSE
ARIHANTSUP.NS,Arihant Superstructures Limited,NSE
ARIS.NS,Arisinfra Solutions Limited,NSE
ARKADE.NS,Arkade Developers Limited,NSE
ARMANFIN.NS,Arman Financial Services Limited,NSE
AROGRANITE.NS,Aro Granite Industries Limited,NSE
ARROWGREEN.NS,Arrow Greentech Limited,NSE
ARSHIYA.NS,Arshiya Limited,NSE
ARSSBL.NS,Anand Rathi Share and Stock Brokers Limited,NSE
ARTEMISMED.NS,Artemis Medicare Services Limited,NSE
ARTNIRMAN.NS,Art Nirman Limited,NSE
ARVEE.NS,Arvee Laboratories (India) Limited,NSE
ARVIND.NS,Arvind Limited,NSE
ARVINDFASN.NS,Arvind Fashions Limited,NSE
ARVSMART.NS,Arvind SmartSpaces Limited,NSE
ASAHIINDIA.NS,Asahi India Glass Limited,NSE
ASAHISONG.NS,Asahi Songwon Colors Limited,NSE
ASAL.NS,Automotive Stampings and Assemblies Limited,NSE
ASALCBR.NS,Associated Alcohols & Breweries Ltd.,NSE
ASHAPURMIN.NS,Ashapura Minechem Limited,NSE
ASHIANA.NS,Ashiana Housing Limited,NSE
ASHIMASYN.NS,Ashima Limited,NSE
ASHOKA.NS,Ashoka Buildcon Limited,NSE
ASHOKAMET.NS,Ashoka Metcast Limited,NSE
ASHOKLEY.NS,Ashok Leyland Limited,NSE
ASIANENE.NS,Asian Energy Services Limited,NSE
ASIANHOTNR.NS,Asian Hotels (North) Limited,NSE
ASIANPAINT.NS,Asian Paints Limited,NSE
ASIANTILES.NS,Asian Granito India Limited,NSE
ASKAUTOLTD.NS,ASK Automotive Limited,NSE
ASMS.NS,Bartronics India Limited,NSE
ASPINWALL.NS,Aspinwall and Company Limited,NSE
ASTEC.NS,Astec LifeSciences Limited,NSE
ASTERDM.NS,Aster DM Healthcare Limited,NSE
ASTRAL.NS,Astral Limited,NSE
ASTRAMICRO.NS,Astra Microwave Products Limited,NSE
ASTRAZEN.NS,AstraZeneca Pharma India Limited,NSE
ASTRON.NS,Astron Paper & Board Mill Limited,NSE
ATALREAL.NS,Atal Realtech Limited,NSE
ATAM.NS,Atam Valves Limited,NSE
ATGL.NS,Adani Total Gas Limited,NSE
ATHERENERG.NS,Ather Energy Limited,NSE
ATL.NS,Allcargo Terminals Limited,NSE
ATLANTAA.NS,ATLANTAA LIMITED,NSE
ATLANTAELE.NS,Atlanta Electricals Limited,NSE
ATLASCYCLE.NS,Atlas Cycles (Haryana) Limited,NSE
ATUL.NS,Atul Limited,NSE
ATULAUTO.NS,Atul Auto Limited,NSE
AUBANK.NS,AU Small Finance Bank Limited,NSE
AURIGROW.NS,Auri Grow India Limited,NSE
AURIONPRO.NS,Aurionpro Solutions Limited,NSE
AUROPHARMA.NS,Aurobindo Pharma Limited,NSE
AURUM.NS,Aurum PropTech Limited,NSE
AUSOMENT.NS,Ausom Enterprise Limited,NSE
AUTOAXLES.NS,Automotive Axles Limited,NSE
AUTOIND.NS,Autoline Industries Limited,NSE
AVADHSUGAR.NS,Avadh Sugar & Energy Limited,NSE
AVALON.NS,Avalon Technologies Limited,NSE
AVANTEL.NS,Avantel Limited,NSE
AVANTIFEED.NS,Avanti Feeds Limited,NSE
AVG.NS,AVG Logistics Limited,NSE
AVL.NS,Aditya Vision Limited,NSE
AVONMORE.NS,Avonmore Capital & Management Services Limited,NSE
AVROIND.NS,AVRO INDIA LIMITED,NSE
AVTNPL.NS,AVT Natural Products Limited,NSE
AWFIS.NS,Awfis Space Solutions Limited,NSE
AWHCL.NS,Antony Waste Handling Cell Limited,NSE
AWL.NS,AWL Agri Business Limited,NSE
AXISBANK.NS,Axis Bank Limited,NSE
AXISCADES.NS,AXISCADES Technologies Limited,NSE
AXITA.NS,Axita Cotton Limited,NSE
AYE.NS,Aye Finance Limited,NSE
AYMSYNTEX.NS,AYM Syntex Limited,NSE
AZAD.NS,Azad Engineering Limited,NSE
BAFNAPH.NS,Bafna Pharmaceuticals Limited,NSE
BAGFILMS.NS,B.A.G Films and Media Limited,NSE
BAIDFIN.NS,Baid Finserv Limited,NSE
BAJAJ-AUTO.NS,Bajaj Auto Limited,NSE
BAJAJCON.NS,Bajaj Consumer Care Limited,NSE
BAJAJELEC.NS,Bajaj Electricals Limited,NSE
BAJAJFINSV.NS,Bajaj Finserv Limited,NSE
BAJAJHCARE.NS,Bajaj Healthcare Limited,NSE
BAJAJHFL.NS,Bajaj Housing Finance Limited,NSE
BAJAJHIND.NS,Bajaj Hindusthan Sugar Limited,NSE
BAJAJHLDNG.NS,Bajaj Holdings & Investment Limited,NSE
BAJAJINDEF.NS,Indef Manufacturing Limited,NSE
BAJEL.NS,Bajel Projects Limited,NSE
BAJFINANCE.NS,Bajaj Finance Limited,NSE
BALAJEE.NS,Shree Tirupati Balajee Agro Trading Company Limited,NSE
BALAJITELE.NS,Balaji Telefilms Limited,NSE
BALAMINES.NS,Balaji Amines Limited,NSE
BALAXI.NS,BALAXI PHARMACEUTICALS LIMITED,NSE
BALKRISHNA.NS,Balkrishna Paper Mills Limited,NSE
BALKRISIND.NS,Balkrishna Industries Limited,NSE
BALMLAWRIE.NS,Balmer Lawrie & Company Limited,NSE
BALPHARMA.NS,Bal Pharma Limited,NSE
BALRAMCHIN.NS,Balrampur Chini Mills Limited,NSE
BALUFORGE.NS,Balu Forge Industries Limited,NSE
BANARBEADS.NS,Banaras Beads Limited,NSE
BANARISUG.NS,Bannari Amman Sugars Limited,NSE
BANCOINDIA.NS,Banco Products (I) Limited,NSE
BANDHANBNK.NS,Bandhan Bank Limited,NSE
BANG.NS,Bang Overseas Limited,NSE
BANKA.NS,Banka BioLoo Limited,NSE
BANKBARODA.NS,Bank of Baroda,NSE
BANKINDIA.NS,Bank of India,NSE
BANSALWIRE.NS,Bansal Wire Industries Limited,NSE
BANSWRAS.NS,Banswara Syntex Limited,NSE
BASF.NS,BASF India Limited,NSE
BASML.NS,Bannari Amman Spinning Mills Limited,NSE
BATAINDIA.NS,Bata India Limited,NSE
BAYERCROP.NS,Bayer Cropscience Limited,NSE
BBL.NS,Bharat Bijlee Limited,NSE
BBOX.NS,Black Box Limited,NSE
BBTC.NS,The Bombay Burmah Trading Corporation Limited,NSE
BBTCL.NS,B&B Triplewall Containers Limited,NSE
BCG.NS,Brightcom Group Limited,NSE
BCLIND.NS,Bcl Industries Limited,NSE
BCONCEPTS.NS,Brand Concepts Limited,NSE
BCPL.NS,BCPL Railway Infrastructure Limited,NSE
BDL.NS,Bharat Dynamics Limited,NSE
BEARDSELL.NS,Beardsell Limited,NSE
BECTORFOOD.NS,Mrs. Bectors Food Specialities Limited,NSE
BEDMUTHA.NS,Bedmutha Industries Limited,NSE
BEL.NS,Bharat Electronics Limited,NSE
BELLACASA.NS,Bella Casa Fashion & Retail Limited,NSE
BELRISE.NS,Belrise Industries Limited,NSE
BEML.NS,BEML Limited,NSE
BEPL.NS,Bhansali Engineering Polymers Limited,NSE
BERGEPAINT.NS,Berger Paints (I) Limited,NSE
BESTAGRO.NS,Best Agrolife Limited,NSE
BETA.NS,Beta Drugs Limited,NSE
BFINVEST.NS,BF Investment Limited,NSE
BFUTILITIE.NS,BF Utilities Limited,NSE
BGRENERGY.NS,BGR Energy Systems Limited,NSE
BHAGCHEM.NS,Bhagiradha Chemicals & Industries Limited,NSE
BHAGERIA.NS,Bhageria Industries Limited,NSE
BHAGYANGR.NS,Bhagyanagar India Limited,NSE
BHANDARI.NS,Bhandari Hosiery Exports Limited,NSE
BHARATCOAL.NS,Bharat Coking Coal Limited,NSE
BHARATFORG.NS,Bharat Forge Limited,NSE
BHARATGEAR.NS,Bharat Gears Limited,NSE
BHARATRAS.NS,Bharat Rasayan Limited,NSE
BHARATSE.NS,Bharat Seats Limited,NSE
BHARATWIRE.NS,Bharat Wire Ropes Limited,NSE
BHARTIARTL.NS,Bharti Airtel Limited,NSE
BHARTIHEXA.NS,Bharti Hexacom Limited,NSE
BHEL.NS,Bharat Heavy Electricals Limited,NSE
BIGBLOC.NS,Bigbloc Construction Limited,NSE
BIKAJI.NS,Bikaji Foods International Limited,NSE
BIL.NS,Bhartiya International Limited,NSE
BIOCON.NS,Biocon Limited,NSE
BIOFILCHEM.NS,Biofil Chemicals & Pharmaceuticals Limited,NSE
BIRLACABLE.NS,Birla Cable Limited,NSE
BIRLACORPN.NS,Birla Corporation Limited,NSE
BIRLAMONEY.NS,Aditya Birla Money Limited,NSE
BIRLANU.NS,BirlaNu Limited,NSE
BLACKBUCK.NS,BLACKBUCK LIMITED,NSE
BLAL.NS,BEML Land Assets Limited,NSE
BLBLIMITED.NS,BLB Limited,NSE
BLISSGVS.NS,Bliss GVS Pharma Limited,NSE
BLKASHYAP.NS,B. L. Kashyap and Sons Limited,NSE
BLS.NS,BLS International Services Limited,NSE
BLSE.NS,BLS E-Services Limited,NSE
BLUECHIP.NS,Blue Chip India Limited,NSE
BLUECOAST.NS,Blue Coast Hotels Limited,NSE
BLUEDART.NS,Blue Dart Express Limited,NSE
BLUEJET.NS,Blue Jet Healthcare Limited,NSE
BLUESTARCO.NS,Blue Star Limited,NSE
BLUESTONE.NS,BlueStone Jewellery and Lifestyle Limited,NSE
BLUSPRING.NS,Bluspring Enterprises Limited,NSE
BMWVENTLTD.NS,BMW Ventures Limited,NSE
BODALCHEM.NS,Bodal Chemicals Limited,NSE
BOHRAIND.NS,Bohra Industries Limited,NSE
BOMDYEING.NS,Bombay Dyeing & Mfg Company Limited,NSE
BONLON.NS,Bonlon Industries Limited,NSE
BORANA.NS,Borana Weaves Limited,NSE
BOROLTD.NS,Borosil Limited,NSE
BORORENEW.NS,BOROSIL RENEWABLES LIMITED,NSE
BOROSCI.NS,Borosil Scientific Limited,NSE
BOSCH-HCIL.NS,BOSCH HOME COMFORT INDIA LIMITED,NSE
BOSCHLTD.NS,Bosch Limited,NSE
BPCL.NS,Bharat Petroleum Corporation Limited,NSE
BPL.NS,BPL Limited,NSE
BRIGADE.NS,Brigade Enterprises Limited,NSE
BRIGHOTEL.NS,Brigade Hotel Ventures Limited,NSE
BRITANNIA.NS,Britannia Industries Limited,NSE
BRNL.NS,Bharat Road Network Limited,NSE
BROOKS.NS,Brooks Laboratories Limited,NSE
BSE.NS,BSE Limited,NSE
BSHSL.NS,Bombay Super Hybrid Seeds Limited,NSE
BSL.NS,BSL Limited,NSE
BSOFT.NS,BIRLASOFT LIMITED,NSE
BTML.NS,Bodhi Tree Multimedia Limited,NSE
BUILDPRO.NS,Shankara Buildpro Limited,NSE
BUTTERFLY.NS,Butterfly Gandhimathi Appliances Limited,NSE
BVCL.NS,Barak Valley Cements Limited,NSE
BYKE.NS,The Byke Hospitality Ltd,NSE
CALSOFT.NS,California Software Company Limited,NSE
CAMLINFINE.NS,Camlin Fine Sciences Limited,NSE
CAMPUS.NS,Campus Activewear Limited,NSE
CAMS.NS,Computer Age Management Services Limited,NSE
CANBK.NS,Canara Bank,NSE
CANFINHOME.NS,Can Fin Homes Limited,NSE
CANHLIFE.NS,Canara HSBC Life Insurance Company Limited,NSE
CANTABIL.NS,Cantabil Retail India Limited,NSE
CAPACITE.NS,Capacit'e Infraprojects Limited,NSE
CAPILLARY.NS,Capillary Technologies India Limited,NSE
CAPITALSFB.NS,Capital Small Finance Bank Limited,NSE
CAPLIPOINT.NS,Caplin Point Laboratories Limited,NSE
CAPTRUST.NS,Capital Trust Limited,NSE
CARBORUNIV.NS,Carborundum Universal Limited,NSE
CARERATING.NS,CARE Ratings Limited,NSE
CARRARO.NS,Carraro India Limited,NSE
CARTRADE.NS,Cartrade Tech Limited,NSE
CARYSIL.NS,CARYSIL LIMITED,NSE
CASTROLIND.NS,Castrol India Limited,NSE
CCAVENUE.NS,AvenuesAI Limited,NSE
CCCL.NS,Consolidated Construction Consortium Limited,NSE
CCHHL.NS,Country Club Hospitality & Holidays Limited,NSE
CCL.NS,CCL Products (India) Limited,NSE
CDSL.NS,Central Depository Services (India) Limited,NSE
CEATLTD.NS,CEAT Limited,NSE
CEIGALL.NS,Ceigall India Limited,NSE
CEINSYS.NS,Ceinsys Tech Limited,NSE
CELEBRITY.NS,Celebrity Fashions Limited,NSE
CELLO.NS,Cello World Limited,NSE
CEMPRO.NS,Cemindia Projects Limited,NSE
CENTENKA.NS,Century Enka Limited,NSE
CENTEXT.NS,Century Extrusions Limited,NSE
CENTRALBK.NS,Central Bank of India,NSE
CENTRUM.NS,Centrum Capital Limited,NSE
CENTUM.NS,Centum Electronics Limited,NSE
CENTURYPLY.NS,Century Plyboards (India) Limited,NSE
CERA.NS,Cera Sanitaryware Limited,NSE
CEREBRAINT.NS,Cerebra Integrated Technologies Limited,NSE
CESC.NS,CESC Limited,NSE
CEWATER.NS,Concord Enviro Systems Limited,NSE
CGCL.NS,Capri Global Capital Limited,NSE
CGPOWER.NS,CG Power and Industrial Solutions Limited,NSE
CHALET.NS,Chalet Hotels Limited,NSE
CHAMBLFERT.NS,Chambal Fertilizers & Chemicals Limited,NSE
CHEMBOND.NS,Chembond Material Technologies Limited,NSE
CHEMBONDCH.NS,Chembond Chemicals Limited,NSE
CHEMCON.NS,Chemcon Speciality Chemicals Limited,NSE
CHEMFAB.NS,Chemfab Alkalis Limited,NSE
CHEMPLASTS.NS,Chemplast Sanmar Limited,NSE
CHENNPETRO.NS,Chennai Petroleum Corporation Limited,NSE
CHEVIOT.NS,Cheviot Company Limited,NSE
CHOICEIN.NS,Choice International Limited,NSE
CHOLAFIN.NS,Cholamandalam Investment and Finance Company Limited,NSE
CHOLAHLDNG.NS,Cholamandalam Financial Holdings Limited,NSE
CIEINDIA.NS,CIE Automotive India Limited,NSE
CIFL.NS,Capital India Finance Limited,NSE
CIGNITITEC.NS,Cigniti Technologies Limited,NSE
CINELINE.NS,Cineline India Limited,NSE
CINEVISTA.NS,Cinevista Limited,NSE
CIPLA.NS,Cipla Limited,NSE
CLEAN.NS,Clean Science and Technology Limited,NSE
CLEANMAX.NS,Clean Max Enviro Energy Solutions Limited,NSE
CLEDUCATE.NS,CL Educate Limited,NSE
CLSEL.NS,Chaman Lal Setia Exports Limited,NSE
CMPDI.NS,Central Mine Planning & Design Institute Limited,NSE
CMSINFO.NS,CMS Info Systems Limited,NSE
CNL.NS,Creative Newtech Limited,NSE
COALINDIA.NS,Coal India Limited,NSE
COASTCORP.NS,Coastal Corporation Limited,NSE
COCHINSHIP.NS,Cochin Shipyard Limited,NSE
COFFEEDAY.NS,Coffee Day Enterprises Limited,NSE
COFORGE.NS,Coforge Limited,NSE
COHANCE.NS,Cohance Lifesciences Limited,NSE
COLPAL.NS,Colgate Palmolive (India) Limited,NSE
COMPINFO.NS,Compuage Infocom Limited,NSE
COMPUSOFT.NS,Compucom Software Limited,NSE
COMSYN.NS,Commercial Syn Bags Limited,NSE
CONCOR.NS,Container Corporation of India Limited,NSE
CONCORDBIO.NS,Concord Biotech Limited,NSE
CONFIPET.NS,Confidence Petroleum India Limited,NSE
CONSOFINVT.NS,Consolidated Finvest & Holdings Limited,NSE
CONTROLPR.NS,Control Print Limited,NSE
CORALFINAC.NS,Coral India Finance & Housing Limited,NSE
CORDSCABLE.NS,Cords Cable Industries Limited,NSE
COROMANDEL.NS,Coromandel International Limited,NSE
CORONA.NS,CORONA Remedies Limited,NSE
COSMOFIRST.NS,COSMO FIRST LIMITED,NSE
COUNCODOS.NS,Country Condo's Limited,NSE
CPCAP.NS,CP Capital Limited,NSE
CPEDU.NS,Career Point Edutech Limited,NSE
CPPLUS.NS,Aditya Infotech Limited,NSE
CRAFTSMAN.NS,Craftsman Automation Limited,NSE
CRAMC.NS,Canara Robeco Asset Management Company Limited,NSE
CREATIVEYE.NS,Creative Eye Limited,NSE
CREDITACC.NS,CREDITACCESS GRAMEEN LIMITED,NSE
CREST.NS,Crest Ventures Limited,NSE
CRISIL.NS,CRISIL Limited,NSE
CRIZAC.NS,Crizac Limited,NSE
CROMPTON.NS,Crompton Greaves Consumer Electricals Limited,NSE
CROWN.NS,Crown Lifters Limited,NSE
CSBBANK.NS,CSB Bank Limited,NSE
CSLFINANCE.NS,CSL Finance Limited,NSE
CTE.NS,Cambridge Technology Enterprises Limited,NSE
CUB.NS,City Union Bank Limited,NSE
CUBEXTUB.NS,Cubex Tubings Limited,NSE
CUMMINSIND.NS,Cummins India Limited,NSE
CUPID.NS,Cupid Limited,NSE
CURAA.NS,Cura Technologies Limited,NSE
CYBERMEDIA.NS,Cyber Media (India) Limited,NSE
CYBERTECH.NS,Cybertech Systems And Software Limited,NSE
CYIENT.NS,Cyient Limited,NSE
CYIENTDLM.NS,Cyient DLM Limited,NSE
DABUR.NS,Dabur India Limited,NSE
DALBHARAT.NS,Dalmia Bharat Limited,NSE
DALMIASUG.NS,Dalmia Bharat Sugar and Industries Limited,NSE
DAMCAPITAL.NS,Dam Capital Advisors Limited,NSE
DAMODARIND.NS,Damodar Industries Limited,NSE
DANGEE.NS,Dangee Dums Limited,NSE
DATAMATICS.NS,Datamatics Global Services Limited,NSE
DATAPATTNS.NS,Data Patterns (India) Limited,NSE
DAVANGERE.NS,Davangere Sugar Company Limited,NSE
DBCORP.NS,D.B.Corp Limited,NSE
DBEIL.NS,Deepak Builders & Engineers India Limited,NSE
DBL.NS,Dilip Buildcon Limited,NSE
DBOL.NS,Dhampur Bio Organics Limited,NSE
DBREALTY.NS,Valor Estate Limited,NSE
DBSTOCKBRO.NS,DB (International) Stock Brokers Limited,NSE
DCAL.NS,Dishman Carbogen Amcis Limited,NSE
DCBBANK.NS,DCB Bank Limited,NSE
DCI.NS,Dc Infotech And Communication Limited,NSE
DCM.NS,DCM  Limited,NSE
DCMFINSERV.NS,DCM Financial Services Limited,NSE
DCMNVL.NS,DCM Nouvelle Limited,NSE
DCMSHRIRAM.NS,DCM Shriram Limited,NSE
DCMSIL.NS,DCM Shriram International Limited,NSE
DCMSRIND.NS,DCM Shriram Industries Limited,NSE
DCW.NS,DCW Limited,NSE
DCXINDIA.NS,DCX Systems Limited,NSE
DDEVPLSTIK.NS,Ddev Plastiks Industries Limited,NSE
DECCANCE.NS,Deccan Cements Limited,NSE
DEEDEV.NS,DEE Development Engineers Limited,NSE
DEEPAKFERT.NS,Deepak Fertilizers and Petrochemicals Corporation Limited,NSE
DEEPAKNTR.NS,Deepak Nitrite Limited,NSE
DEEPINDS.NS,Deep Industries Limited,NSE
DELHIVERY.NS,Delhivery Limited,NSE
DELPHIFX.NS,DELPHI WORLD MONEY LIMITED,NSE
DELTACORP.NS,Delta Corp Limited,NSE
DELTAMAGNT.NS,Delta Manufacturing Limited,NSE
DEN.NS,Den Networks Limited,NSE
DENORA.NS,De Nora India Limited,NSE
DENTA.NS,Denta Water and Infra Solutions Limited,NSE
DEVIT.NS,Dev Information Technology Limited,NSE
DEVX.NS,Dev Accelerator Limited,NSE
DEVYANI.NS,Devyani International Limited,NSE
DGCONTENT.NS,Digicontent Limited,NSE
DHAMPURSUG.NS,Dhampur Sugar Mills Limited,NSE
DHANBANK.NS,Dhanlaxmi Bank Limited,NSE
DHANUKA.NS,Dhanuka Agritech Limited,NSE
DHARMAJ.NS,Dharmaj Crop Guard Limited,NSE
DHRUV.NS,Dhruv Consultancy Services Limited,NSE
DHUNINV.NS,Dhunseri Investments Limited,NSE
DIACABS.NS,Diamond Power Infrastructure Limited,NSE
DIAMINESQ.NS,Diamines & Chemicals Limited,NSE
DIAMONDYD.NS,Prataap Snacks Limited,NSE
DICIND.NS,DIC India Limited,NSE
DIFFNKG.NS,Diffusion Engineers Limited,NSE
DIGIDRIVE.NS,Digidrive Distributors Limited,NSE
DIGISPICE.NS,DiGiSPICE Technologies Limited,NSE
DIGITIDE.NS,Digitide Solutions Limited,NSE
DIGJAMLMTD.NS,Digjam Limited,NSE
DISHTV.NS,Dish TV India Limited,NSE
DIVGIITTS.NS,Divgi Torqtransfer Systems Limited,NSE
DIVISLAB.NS,Divi's Laboratories Limited,NSE
DIXON.NS,Dixon Technologies (India) Limited,NSE
DJML.NS,DJ Mediaprint & Logistics Limited,NSE
DLF.NS,DLF Limited,NSE
DLINKINDIA.NS,D-Link (India) Limited,NSE
DMART.NS,Avenue Supermarts Limited,NSE
DMCC.NS,DMCC SPECIALITY CHEMICALS LIMITED,NSE
DNAMEDIA.NS,Diligent Media Corporation Limited,NSE
DODLA.NS,Dodla Dairy Limited,NSE
DOLATALGO.NS,Dolat Algotech Limited,NSE
DOLLAR.NS,Dollar Industries Limited,NSE
DOLPHIN.NS,Dolphin Offshore Enterprises (India) Limited,NSE
DOMS.NS,DOMS Industries Limited,NSE
DONEAR.NS,Donear Industries Limited,NSE
DPABHUSHAN.NS,D. P. Abhushan Limited,NSE
DPSCLTD.NS,DPSC Limited,NSE
DPWIRES.NS,D P Wires Limited,NSE
DRCSYSTEMS.NS,DRC Systems India Limited,NSE
DREAMFOLKS.NS,Dreamfolks Services Limited,NSE
DREDGECORP.NS,Dredging Corporation of India Limited,NSE
DRREDDY.NS,Dr. Reddy's Laboratories Limited,NSE
DSFCL.NS,DCM Shriram Fine Chemicals Limited,NSE
DSSL.NS,Dynacons Systems & Solutions Limited,NSE
DTIL.NS,Dhunseri Tea & Industries Limited,NSE
DUCON.NS,Ducon Infratechnologies Limited,NSE
DVL.NS,Dhunseri Ventures Limited,NSE
DWARKESH.NS,Dwarikesh Sugar Industries Limited,NSE
DYCL.NS,Dynamic Cables Limited,NSE
DYNAMATECH.NS,Dynamatic Technologies Limited,NSE
DYNPRO.NS,Dynemic Products Limited,NSE
E2E.NS,E2E Networks Limited,NSE
EASEMYTRIP.NS,Easy Trip Planners Limited,NSE
EASTSILK.NS,Eastern Silk Industries Limited,NSE
EBGNG.NS,GNG Electronics Limited,NSE
ECLERX.NS,eClerx Services Limited,NSE
ECOSMOBLTY.NS,Ecos (India) Mobility & Hospitality Limited,NSE
EDELWEISS.NS,Edelweiss Financial Services Limited,NSE
EFCIL.NS,EFC (I) Limited,NSE
EICHERMOT.NS,Eicher Motors Limited,NSE
EIDPARRY.NS,EID Parry India Limited,NSE
EIEL.NS,Enviro Infra Engineers Limited,NSE
EIFFL.NS,Euro India Fresh Foods Limited,NSE
EIHAHOTELS.NS,EIH Associated Hotels Limited,NSE
EIHOTEL.NS,EIH Limited,NSE
EIMCOELECO.NS,Eimco Elecon (India) Limited,NSE
EKC.NS,Everest Kanto Cylinder Limited,NSE
ELDEHSG.NS,Eldeco Housing And Industries Limited,NSE
ELECON.NS,Elecon Engineering Company Limited,NSE
ELECTCAST.NS,Electrosteel Castings Limited,NSE
ELECTHERM.NS,Electrotherm (India) Limited,NSE
ELGIEQUIP.NS,Elgi Equipments Limited,NSE
ELGIRUBCO.NS,Elgi Rubber Company Limited,NSE
ELIN.NS,Elin Electronics Limited,NSE
ELLEN.NS,Ellenbarrie Industrial Gases Limited,NSE
EMAMILTD.NS,Emami Limited,NSE
EMAMIPAP.NS,Emami Paper Mills Limited,NSE
EMAMIREAL.NS,Emami Realty Limited,NSE
EMCURE.NS,Emcure Pharmaceuticals Limited,NSE
EMIL.NS,Electronics Mart India Limited,NSE
EMKAY.NS,Emkay Global Financial Services Limited,NSE
EMMBI.NS,Emmbi Industries Limited,NSE
EMMVEE.NS,Emmvee Photovoltaic Power Limited,NSE
EMSLIMITED.NS,EMS Limited,NSE
EMUDHRA.NS,eMudhra Limited,NSE
ENDURANCE.NS,Endurance Technologies Limited,NSE
ENERGYDEV.NS,Energy Development Company Limited,NSE
ENGINERSIN.NS,Engineers India Limited,NSE
ENIL.NS,Entertainment Network (India) Limited,NSE
ENRIN.NS,Siemens Energy India Limited,NSE
ENTERO.NS,Entero Healthcare Solutions Limited,NSE
EPACK.NS,EPACK Durable Limited,NSE
EPACKPEB.NS,EPack Prefab Technologies Limited,NSE
EPIGRAL.NS,Epigral Limited,NSE
EPL.NS,EPL Limited,NSE
EQUIPPP.NS,Equippp Social Impact Technologies Limited,NSE
EQUITASBNK.NS,Equitas Small Finance Bank Limited,NSE
ERIS.NS,Eris Lifesciences Limited,NSE
ESABINDIA.NS,Esab India Limited,NSE
ESAFSFB.NS,ESAF Small Finance Bank Limited,NSE
ESCORTS.NS,Escorts Kubota Limited,NSE
ESSARSHPNG.NS,Essar Shipping Limited,NSE
ESSENTIA.NS,Integra Essentia Limited,NSE
ESTER.NS,Ester Industries Limited,NSE
ETERNAL.NS,ETERNAL LIMITED,NSE
ETHOSLTD.NS,Ethos Limited,NSE
EUREKAFORB.NS,Eureka Forbes Limited,NSE
EUROBOND.NS,Euro Panel Products Limited,NSE
EUROPRATIK.NS,Euro Pratik Sales Limited,NSE
EUROTEXIND.NS,Eurotex Industries and Exports Limited,NSE
EVEREADY.NS,Eveready Industries India Limited,NSE
EVERESTIND.NS,Everest Industries Limited,NSE
EXCELINDUS.NS,Excel Industries Limited,NSE
EXCELSOFT.NS,Excelsoft Technologies Limited,NSE
EXICOM.NS,Exicom Tele-Systems Limited,NSE
EXIDEIND.NS,Exide Industries Limited,NSE
EXPLEOSOL.NS,Expleo Solutions Limited,NSE
EXXARO.NS,Exxaro Tiles Limited,NSE
FABTECH.NS,Fabtech Technologies Limited,NSE
FACT.NS,Fertilizers and Chemicals Travancore Limited,NSE
FAIRCHEMOR.NS,Fairchem Organics Limited,NSE
FAZE3Q.NS,Faze Three Limited,NSE
FCL.NS,Fineotex Chemical Limited,NSE
FCSSOFT.NS,FCS Software Solutions Limited,NSE
FDC.NS,FDC Limited,NSE
FEDERALBNK.NS,The Federal Bank  Limited,NSE
FEDFINA.NS,Fedbank Financial Services Limited,NSE
FEL.NS,Future Enterprises Limited,NSE
FELDVR.NS,Future Enterprises Limited,NSE
FIBERWEB.NS,Fiberweb (India) Limited,NSE
FIEMIND.NS,Fiem Industries Limited,NSE
FILATEX.NS,Filatex India Limited,NSE
FILATFASH.NS,Filatex Fashions Limited,NSE
FINCABLES.NS,Finolex Cables Limited,NSE
FINEORG.NS,Fine Organic Industries Limited,NSE
FINKURVE.NS,Finkurve Financial Services Limited,NSE
FINOPB.NS,Fino Payments Bank Limited,NSE
FINPIPE.NS,Finolex Industries Limited,NSE
FIRSTCRY.NS,Brainbees Solutions Limited,NSE
FISCHER.NS,Fischer Medical Ventures Limited,NSE
FIVESTAR.NS,Five-Star Business Finance Limited,NSE
FLAIR.NS,Flair Writing Industries Limited,NSE
FLEXITUFF.NS,Flexituff Ventures International Limited,NSE
FLFL.NS,Future Lifestyle Fashions Limited,NSE
FLUOROCHEM.NS,Gujarat Fluorochemicals Limited,NSE
FMGOETZE.NS,Federal-Mogul Goetze (India) Limited.,NSE
FMNL.NS,Future Market Networks Limited,NSE
FOCUS.NS,Focus Lighting and Fixtures Limited,NSE
FOODSIN.NS,Foods & Inns Limited,NSE
FORCEMOT.NS,FORCE MOTORS LTD,NSE
FORTIS.NS,Fortis Healthcare Limited,NSE
FOSECOIND.NS,Foseco India Limited,NSE
FRACTAL.NS,Fractal Analytics Limited,NSE
FSL.NS,Firstsource Solutions Limited,NSE
FUSION.NS,Fusion Finance Limited,NSE
GABRIEL.NS,Gabriel India Limited,NSE
GAEL.NS,Gujarat Ambuja Exports Limited,NSE
GAIL.NS,GAIL (India) Limited,NSE
GALAPREC.NS,Gala Precision Engineering Limited,NSE
GALAXYSURF.NS,Galaxy Surfactants Limited,NSE
GALLANTT.NS,Gallantt Ispat Limited,NSE
GANDHAR.NS,Gandhar Oil Refinery (India) Limited,NSE
GANDHITUBE.NS,Gandhi Special Tubes Limited,NSE
GANECOS.NS,Ganesha Ecosphere Limited,NSE
GANESHBE.NS,Ganesh Benzoplast Limited,NSE
GANESHCP.NS,Ganesh Consumer Products Limited,NSE
GANESHHOU.NS,GANESH HOUSING LIMITED,NSE
GANGAFORGE.NS,Ganga Forging Limited,NSE
GANGESSECU.NS,Ganges Securities Limited,NSE
GARFIBRES.NS,Garware Technical Fibres Limited,NSE
GARUDA.NS,Garuda Construction and Engineering Limited,NSE
GATECH.NS,GACM Technologies Limited,NSE
GATECHDVR.NS,GACM Technologies Limited,NSE
GATEWAY.NS,Gateway Distriparks Limited,NSE
GAUDIUMIVF.NS,Gaudium IVF and Women Health Limited,NSE
GAYAHWS.NS,Gayatri Highways Limited,NSE
GAYAPROJ.NS,Gayatri Projects Limited,NSE
GCSL.NS,Gretex Corporate Services Limited,NSE
GEECEE.NS,GeeCee Ventures Limited,NSE
GEEKAYWIRE.NS,Geekay Wires Limited,NSE
GEMAROMA.NS,Gem Aromatics Limited,NSE
GENCON.NS,Generic Engineering Construction and Projects Limited,NSE
GENESYS.NS,Genesys International Corporation Limited,NSE
GENUSPAPER.NS,Genus Paper & Boards Limited,NSE
GENUSPOWER.NS,Genus Power Infrastructures Limited,NSE
GEOJITFSL.NS,Geojit Financial Services Limited,NSE
GESHIP.NS,The Great Eastern Shipping Company Limited,NSE
GFLLIMITED.NS,GFL Limited,NSE
GHCL.NS,GHCL Limited,NSE
GHCLTEXTIL.NS,GHCL Textiles Limited,NSE
GICHSGFIN.NS,GIC Housing Finance Limited,NSE
GICL.NS,Globe International Carriers Limited,NSE
GICRE.NS,General Insurance Corporation of India,NSE
GILLANDERS.NS,Gillanders Arbuthnot & Company Limited,NSE
GILLETTE.NS,Gillette India Limited,NSE
GINNIFILA.NS,Ginni Filaments Limited,NSE
GIPCL.NS,Gujarat Industries Power Company Limited,NSE
GKENERGY.NS,GK Energy Limited,NSE
GKSL.NS,Gujarat Kidney And Super Speciality Limited,NSE
GKWLIMITED.NS,GKW Limited,NSE
GLAND.NS,Gland Pharma Limited,NSE
GLAXO.NS,GlaxoSmithKline Pharmaceuticals Limited,NSE
GLENMARK.NS,Glenmark Pharmaceuticals Limited,NSE
GLFL.NS,Gujarat Lease Financing Limited,NSE
GLOBAL.NS,Global Education Limited,NSE
GLOBALE.NS,Globale Tessile Limited,NSE
GLOBALVECT.NS,Global Vectra Helicorp Limited,NSE
GLOBE.NS,GLOBE ENTERPRISES (INDIA) LIMITED,NSE
GLOBECIVIL.NS,Globe Civil Projects Limited,NSE
GLOBUSSPR.NS,Globus Spirits Limited,NSE
GLOSTERLTD.NS,Gloster Limited,NSE
GLOTTIS.NS,Glottis Limited,NSE
GMBREW.NS,GM Breweries Limited,NSE
GMDCLTD.NS,Gujarat Mineral Development Corporation Limited,NSE
GMMPFAUDLR.NS,GMM Pfaudler Limited,NSE
GMRAIRPORT.NS,GMR AIRPORTS LIMITED,NSE
GMRP&UI.NS,GMR Power and Urban Infra Limited,NSE
GNA.NS,GNA Axles Limited,NSE
GNFC.NS,Gujarat Narmada Valley Fertilizers and Chemicals Limited,NSE
GOACARBON.NS,Goa Carbon Limited,NSE
GOCLCORP.NS,GOCL Corporation Limited,NSE
GOCOLORS.NS,Go Fashion (India) Limited,NSE
GODAVARIB.NS,Godavari Biorefineries Limited,NSE
GODFRYPHLP.NS,Godfrey Phillips India Limited,NSE
GODIGIT.NS,Go Digit General Insurance Limited,NSE
GODREJAGRO.NS,Godrej Agrovet Limited,NSE
GODREJCP.NS,Godrej Consumer Products Limited,NSE
GODREJIND.NS,Godrej Industries Limited,NSE
GODREJPROP.NS,Godrej Properties Limited,NSE
GOKEX.NS,Gokaldas Exports Limited,NSE
GOKUL.NS,Gokul Refoils and Solvent Limited,NSE
GOKULAGRO.NS,Gokul Agro Resources Limited,NSE
GOLDENTOBC.NS,Golden Tobacco Limited,NSE
GOLDIAM.NS,Goldiam International Limited,NSE
GOLDTECH.NS,AION-TECH SOLUTIONS LIMITED,NSE
GOODLUCK.NS,Goodluck India Limited,NSE
GOPAL.NS,Gopal Snacks Limited,NSE
GOYALALUM.NS,Goyal Aluminiums Limited,NSE
GPIL.NS,Godawari Power And Ispat limited,NSE
GPPL.NS,Gujarat Pipavav Port Limited,NSE
GPTHEALTH.NS,GPT Healthcare Limited,NSE
GPTINFRA.NS,GPT Infraprojects Limited,NSE
GRANULES.NS,Granules India Limited,NSE
GRAPHITE.NS,Graphite India Limited,NSE
GRASIM.NS,Grasim Industries Limited,NSE
GRAVITA.NS,Gravita India Limited,NSE
GREAVESCOT.NS,Greaves Cotton Limited,NSE
GREENLAM.NS,Greenlam Industries Limited,NSE
GREENPANEL.NS,Greenpanel Industries Limited,NSE
GREENPLY.NS,Greenply Industries Limited,NSE
GREENPOWER.NS,Orient Green Power Company Limited,NSE
GRINDWELL.NS,Grindwell Norton Limited,NSE
GRINFRA.NS,G R Infraprojects Limited,NSE
GRMOVER.NS,GRM Overseas Limited,NSE
GROBTEA.NS,The Grob Tea Company Limited,NSE
GROWW.NS,Billionbrains Garage Ventures Limited,NSE
GRPLTD.NS,GRP Limited,NSE
GRSE.NS,Garden Reach Shipbuilders & Engineers Limited,NSE
GRWRHITECH.NS,Garware Hi-Tech Films Limited,NSE
GSFC.NS,Gujarat State Fertilizers & Chemicals Limited,NSE
GSLSU.NS,Global Surfaces Limited,NSE
GSPCROP.NS,GSP Crop Science Limited,NSE
GSPL.NS,Gujarat State Petronet Limited,NSE
GSS.NS,GSS Infotech Limited,NSE
GTECJAINX.NS,G-TEC JAINX EDUCATION LIMITED,NSE
GTL.NS,GTL Limited,NSE
GTLINFRA.NS,GTL Infrastructure Limited,NSE
GTPL.NS,GTPL Hathway Limited,NSE
GUFICBIO.NS,Gufic Biosciences Limited,NSE
GUJALKALI.NS,Gujarat Alkalies and Chemicals Limited,NSE
GUJAPOLLO.NS,Gujarat Apollo Industries Limited,NSE
GUJGASLTD.NS,Gujarat Gas Limited,NSE
GUJRAFFIA.NS,Gujarat Raffia Industries Limited,NSE
GUJTHEM.NS,Gujarat Themis Biosyn Limited,NSE
GULFOILLUB.NS,Gulf Oil Lubricants India Limited,NSE
GULFPETRO.NS,GP Petroleums Limited,NSE
GULPOLY.NS,Gulshan Polyols Limited,NSE
GVKPIL.NS,GVK Power & Infrastructure Limited,NSE
GVPIL.NS,GE Power India Limited,NSE
GVPTECH.NS,GVP Infotech Limited,NSE
GVT&D.NS,GE Vernova T&D India Limited,NSE
HAL.NS,Hindustan Aeronautics Limited,NSE
HALDER.NS,Halder Venture Limited,NSE
HALEOSLABS.NS,HALEOS LABS LIMITED,NSE
HAPPSTMNDS.NS,Happiest Minds Technologies Limited,NSE
HAPPYFORGE.NS,Happy Forgings Limited,NSE
HARDWYN.NS,Hardwyn India Limited,NSE
HARIOMPIPE.NS,Hariom Pipe Industries Limited,NSE
HARRMALAYA.NS,Harrisons  Malayalam Limited,NSE
HARSHA.NS,Harsha Engineers International Limited,NSE
HATHWAY.NS,Hathway Cable & Datacom Limited,NSE
HATSUN.NS,Hatsun Agro Product Limited,NSE
HAVELLS.NS,Havells India Limited,NSE
HAVISHA.NS,Sri Havisha Hospitality and Infrastructure Limited,NSE
HBLENGINE.NS,HBL Engineering Limited,NSE
HBSL.NS,HB Stockholdings Limited,NSE
HCC.NS,Hindustan Construction Company Limited,NSE
HCG.NS,Healthcare Global Enterprises Limited,NSE
HCL-INSYS.NS,HCL Infosystems Limited,NSE
HCLTECH.NS,HCL Technologies Limited,NSE
HDBFS.NS,HDB Financial Services Limited,NSE
HDFCAMC.NS,HDFC Asset Management Company Limited,NSE
HDFCBANK.NS,HDFC Bank Limited,NSE
HDFCLIFE.NS,HDFC Life Insurance Company Limited,NSE
HDIL.NS,Housing Development and Infrastructure Limited,NSE
HEADSUP.NS,Heads UP Ventures Limited,NSE
HECPROJECT.NS,HEC Infra Projects Limited,NSE
HEG.NS,HEG Limited,NSE
HEIDELBERG.NS,HeidelbergCement India Limited,NSE
HEMIPROP.NS,Hemisphere Properties India Limited,NSE
HERANBA.NS,Heranba Industries Limited,NSE
HERITGFOOD.NS,Heritage Foods Limited,NSE
HEROMOTOCO.NS,Hero MotoCorp Limited,NSE
HESTERBIO.NS,Hester Biosciences Limited,NSE
HEXATRADEX.NS,Hexa Tradex Limited,NSE
HEXT.NS,Hexaware Technologies Limited,NSE
HFCL.NS,HFCL Limited,NSE
HGINFRA.NS,H.G. Infra Engineering Limited,NSE
HGM.NS,HandsOn Global Management (HGM) Limited,NSE
HGS.NS,Hinduja Global Solutions Limited,NSE
HIKAL.NS,Hikal Limited,NSE
HILINFRA.NS,Highway Infrastructure Limited,NSE
HILTON.NS,Hilton Metal Forging Limited,NSE
HIMATSEIDE.NS,Himatsingka Seide Limited,NSE
HINDALCO.NS,Hindalco Industries Limited,NSE
HINDCOMPOS.NS,Hindustan Composites Limited,NSE
HINDCON.NS,Hindcon Chemicals Limited,NSE
HINDCOPPER.NS,Hindustan Copper Limited,NSE
HINDOILEXP.NS,Hindustan Oil Exploration Company Limited,NSE
HINDPETRO.NS,Hindustan Petroleum Corporation Limited,NSE
HINDUNILVR.NS,Hindustan Unilever Limited,NSE
HINDWAREAP.NS,Hindware Home Innovation Limited,NSE
HINDZINC.NS,Hindustan Zinc Limited,NSE
HIRECT.NS,Hind Rectifiers Limited,NSE
HISARMETAL.NS,Hisar Metal Industries Limited,NSE
HITECH.NS,Hi-Tech Pipes Limited,NSE
HITECHCORP.NS,Hitech Corporation Limited,NSE
HITECHGEAR.NS,The Hi-Tech Gears Limited,NSE
HLEGLAS.NS,HLE Glascoat Limited,NSE
HLVLTD.NS,HLV LIMITED,NSE
HMAAGRO.NS,HMA Agro Industries Limited,NSE
HMT.NS,HMT Limited,NSE
HMVL.NS,Hindustan Media Ventures Limited,NSE
HNDFDS.NS,Hindustan Foods Limited,NSE
HOMEFIRST.NS,Home First Finance Company India Limited,NSE
HONASA.NS,Honasa Consumer Limited,NSE
HONAUT.NS,Honeywell Automation India Limited,NSE
HONDAPOWER.NS,Honda India Power Products Limited,NSE
HPAL.NS,HP Adhesives Limited,NSE
HPIL.NS,Hindprakash Industries Limited,NSE
HPL.NS,HPL Electric & Power Limited,NSE
HSCL.NS,Himadri Speciality Chemical Limited,NSE
HTMEDIA.NS,HT Media Limited,NSE
HUBTOWN.NS,Hubtown Limited,NSE
HUDCO.NS,Housing & Urban Development Corporation Limited,NSE
HUHTAMAKI.NS,Huhtamaki India Limited,NSE
HYBRIDFIN.NS,Hybrid Financial Services Limited,NSE
HYUNDAI.NS,Hyundai Motor India Limited,NSE
IBULLSLTD.NS,Indiabulls Limited,NSE
ICDSLTD.NS,ICDS Limited,NSE
ICEMAKE.NS,Ice Make Refrigeration Limited,NSE
ICICIAMC.NS,ICICI Prudential Asset Management Company Limited,NSE
ICICIBANK.NS,ICICI Bank Limited,NSE
ICICIGI.NS,ICICI Lombard General Insurance Company Limited,NSE
ICICIPRULI.NS,ICICI Prudential Life Insurance Company Limited,NSE
ICIL.NS,Indo Count Industries Limited,NSE
ICRA.NS,ICRA Limited,NSE
IDBI.NS,IDBI Bank Limited,NSE
IDEA.NS,Vodafone Idea Limited,NSE
IDEAFORGE.NS,Ideaforge Technology Limited,NSE
IDFCFIRSTB.NS,IDFC First Bank Limited,NSE
IEX.NS,Indian Energy Exchange Limited,NSE
IFBAGRO.NS,IFB Agro Industries Limited,NSE
IFBIND.NS,IFB Industries Limited,NSE
IFCI.NS,IFCI Limited,NSE
IFGLEXPOR.NS,IFGL Refractories Limited,NSE
IGARASHI.NS,Igarashi Motors India Limited,NSE
IGCL.NS,Indogulf Cropsciences Limited,NSE
IGIL.NS,International Gemmological Institute (India) Limited,NSE
IGL.NS,Indraprastha Gas Limited,NSE
IGPL.NS,IG Petrochemicals Limited,NSE
IIFL.NS,IIFL Finance Limited,NSE
IIFLCAPS.NS,IIFL Capital Services Limited,NSE
IITL.NS,Industrial Investment Trust Limited,NSE
IKIO.NS,IKIO Technologies Limited,NSE
IKS.NS,Inventurus Knowledge Solutions Limited,NSE
IL&FSENGG.NS,IL&FS Engineering and Construction Company Limited,NSE
IL&FSTRANS.NS,IL&FS Transportation Networks Limited,NSE
IMAGICAA.NS,Imagicaaworld Entertainment Limited,NSE
IMFA.NS,Indian Metals & Ferro Alloys Limited,NSE
IMPAL.NS,India Motor Parts and Accessories Limited,NSE
IMPEXFERRO.NS,Impex Ferro Tech Limited,NSE
INA.NS,Insolation Energy Limited,NSE
INCREDIBLE.NS,INCREDIBLE INDUSTRIES LIMITED,NSE
INDBANK.NS,Indbank Merchant Banking Services Limited,NSE
INDGN.NS,Indegene Limited,NSE
INDHOTEL.NS,The Indian Hotels Company Limited,NSE
INDIACEM.NS,The India Cements Limited,NSE
INDIAGLYCO.NS,India Glycols Limited,NSE
INDIAMART.NS,Indiamart Intermesh Limited,NSE
INDIANB.NS,Indian Bank,NSE
INDIANCARD.NS,Indian Card Clothing Company Limited,NSE
INDIANHUME.NS,Indian Hume Pipe Company Limited,NSE
INDIASHLTR.NS,India Shelter Finance Corporation Limited,NSE
INDIGO.NS,InterGlobe Aviation Limited,NSE
INDIGOPNTS.NS,Indigo Paints Limited,NSE
INDIQUBE.NS,Indiqube Spaces Limited,NSE
INDNIPPON.NS,India Nippon Electricals Limited,NSE
INDOAMIN.NS,Indo Amines Limited,NSE
INDOBORAX.NS,Indo Borax & Chemicals Limited,NSE
INDOCO.NS,Indoco Remedies Limited,NSE
INDOFARM.NS,Indo Farm Equipment Limited,NSE
INDORAMA.NS,Indo Rama Synthetics (India) Limited,NSE
INDOSTAR.NS,IndoStar Capital Finance Limited,NSE
INDOTECH.NS,Indo Tech Transformers Limited,NSE
INDOTHAI.NS,Indo Thai Securities Limited,NSE
INDOUS.NS,Indo Us Biotech Limited,NSE
INDOWIND.NS,Indowind Energy Limited,NSE
INDRAMEDCO.NS,Indraprastha Medical Corporation Limited,NSE
INDSWFTLAB.NS,Ind-Swift Laboratories Limited,NSE
INDTERRAIN.NS,Indian Terrain Fashions Limited,NSE
INDUSINDBK.NS,IndusInd Bank Limited,NSE
INDUSTOWER.NS,Indus Towers Limited,NSE
INFOBEAN.NS,InfoBeans Technologies Limited,NSE
INFOMEDIA.NS,Infomedia Press Limited,NSE
INFY.NS,Infosys Limited,NSE
INGERRAND.NS,Ingersoll Rand (India) Limited,NSE
INNOVACAP.NS,Innova Captab Limited,NSE
INNOVANA.NS,Innovana Thinklabs Limited,NSE
INNOVISION.NS,Innovision Limited,NSE
INOXGREEN.NS,Inox Green Energy Services Limited,NSE
INOXINDIA.NS,INOX India Limited,NSE
INOXWIND.NS,Inox Wind Limited,NSE
INSECTICID.NS,Insecticides (India) Limited,NSE
INSPIRISYS.NS,Inspirisys Solutions Limited,NSE
INTELLECT.NS,Intellect Design Arena Limited,NSE
INTENTECH.NS,Intense Technologies Limited,NSE
INTERARCH.NS,Interarch Building Solutions Limited,NSE
INTLCONV.NS,International Conveyors Limited,NSE
INVENTURE.NS,Inventure Growth & Securities Limited,NSE
IOB.NS,Indian Overseas Bank,NSE
IOC.NS,Indian Oil Corporation Limited,NSE
IOLCP.NS,IOL Chemicals and Pharmaceuticals Limited,NSE
IONEXCHANG.NS,ION Exchange (India) Limited,NSE
IPCALAB.NS,IPCA Laboratories Limited,NSE
IPL.NS,India Pesticides Limited,NSE
IRB.NS,IRB Infrastructure Developers Limited,NSE
IRCON.NS,Ircon International Limited,NSE
IRCTC.NS,Indian Railway Catering And Tourism Corporation Limited,NSE
IREDA.NS,Indian Renewable Energy Development Agency Limited,NSE
IRFC.NS,Indian Railway Finance Corporation Limited,NSE
IRIS.NS,IRIS RegTech Solutions Limited,NSE
IRISDOREME.NS,Iris Clothings Limited,NSE
IRMENERGY.NS,IRM Energy Limited,NSE
ISFT.NS,Intrasoft Technologies Limited,NSE
ISGEC.NS,Isgec Heavy Engineering Limited,NSE
ISHANCH.NS,Ishan Dyes and Chemicals Limited,NSE
ITC.NS,ITC Limited,NSE
ITCHOTELS.NS,ITC Hotels Limited,NSE
ITDC.NS,India Tourism Development Corporation Limited,NSE
ITI.NS,ITI Limited,NSE
IVALUE.NS,Ivalue Infosolutions Limited,NSE
IVC.NS,IL&FS Investment Managers Limited,NSE
IVP.NS,IVP Limited,NSE
IXIGO.NS,Le Travenues Technology Limited,NSE
IZMO.NS,IZMO Limited,NSE
J&KBANK.NS,The Jammu & Kashmir Bank Limited,NSE
JAGRAN.NS,Jagran Prakashan Limited,NSE
JAGSNPHARM.NS,Jagsonpal Pharmaceuticals Limited,NSE
JAIBALAJI.NS,Jai Balaji Industries Limited,NSE
JAICORPLTD.NS,Jai Corp Limited,NSE
JAINREC.NS,Jain Resource Recycling Limited,NSE
JAIPURKURT.NS,Nandani Creation Limited,NSE
JAMNAAUTO.NS,Jamna Auto Industries Limited,NSE
JARO.NS,Jaro Institute of Technology Management and Research Limited,NSE
JASH.NS,Jash Engineering Limited,NSE
JAYAGROGN.NS,Jayant Agro Organics Limited,NSE
JAYBARMARU.NS,Jay Bharat Maruti Limited,NSE
JAYKAY.NS,Jaykay Enterprises Limited,NSE
JAYNECOIND.NS,Jayaswal Neco Industries Limited,NSE
JAYSREETEA.NS,Jayshree Tea & Industries Limited,NSE
JBCHEPHARM.NS,JB Chemicals & Pharmaceuticals Limited,NSE
JBMA.NS,JBM Auto Limited,NSE
JETFREIGHT.NS,Jet Freight Logistics Limited,NSE
JGCHEM.NS,J.G.Chemicals Limited,NSE
JHS.NS,JHS Svendgaard Laboratories Limited,NSE
JINDALPHOT.NS,Jindal Photo Limited,NSE
JINDALPOLY.NS,Jindal Poly Films Limited,NSE
JINDALSAW.NS,Jindal Saw Limited,NSE
JINDALSTEL.NS,JINDAL STEEL LIMITED,NSE
JINDRILL.NS,Jindal Drilling And Industries Limited,NSE
JINDWORLD.NS,Jindal Worldwide Limited,NSE
JIOFIN.NS,Jio Financial Services Limited,NSE
JISLDVREQS.NS,Jain Irrigation Systems Limited,NSE
JISLJALEQS.NS,Jain Irrigation Systems Limited,NSE
JITFINFRA.NS,JITF Infralogistics Limited,NSE
JKCEMENT.NS,JK Cement Limited,NSE
JKIL.NS,J.Kumar Infraprojects Limited,NSE
JKIPL.NS,Jinkushal Industries Limited,NSE
JKLAKSHMI.NS,JK Lakshmi Cement Limited,NSE
JKPAPER.NS,JK Paper Limited,NSE
JKTYRE.NS,JK Tyre & Industries Limited,NSE
JLHL.NS,Jupiter Life Line Hospitals Limited,NSE
JMA.NS,Jullundur Motor Agency (Delhi) Limited,NSE
JMFINANCIL.NS,JM Financial Limited,NSE
JNKINDIA.NS,JNK India Limited,NSE
JOCIL.NS,Jocil Limited,NSE
JPOLYINVST.NS,Jindal Poly Investment and Finance Company Limited,NSE
JPPOWER.NS,Jaiprakash Power Ventures Limited,NSE
JSFB.NS,Jana Small Finance Bank Limited,NSE
JSL.NS,Jindal Stainless Limited,NSE
JSLL.NS,Jeena Sikho Lifecare Limited,NSE
JSWCEMENT.NS,JSW Cement Limited,NSE
JSWDULUX.NS,JSW Dulux Limited,NSE
JSWENERGY.NS,JSW Energy Limited,NSE
JSWHL.NS,JSW Holdings Limited,NSE
JSWINFRA.NS,JSW Infrastructure Limited,NSE
JSWSTEEL.NS,JSW Steel Limited,NSE
JTEKTINDIA.NS,Jtekt India Limited,NSE
JTLIND.NS,JTL INDUSTRIES LIMITED,NSE
JUBLCPL.NS,Jubilant Agri and Consumer Products Limited,NSE
JUBLFOOD.NS,Jubilant Foodworks Limited,NSE
JUBLINGREA.NS,Jubilant Ingrevia Limited,NSE
JUBLPHARMA.NS,Jubilant Pharmova Limited,NSE
JUNIPER.NS,Juniper Hotels Limited,NSE
JUSTDIAL.NS,Just Dial Limited,NSE
JWL.NS,Jupiter Wagons Limited,NSE
JYOTHYLAB.NS,Jyothy Labs Limited,NSE
JYOTICNC.NS,Jyoti CNC Automation Limited,NSE
JYOTISTRUC.NS,Jyoti Structures Limited,NSE
KABRAEXTRU.NS,Kabra Extrusion Technik Limited,NSE
KAJARIACER.NS,Kajaria Ceramics Limited,NSE
KAKATCEM.NS,Kakatiya Cement Sugar & Industries Limited,NSE
KALAMANDIR.NS,Sai Silks (Kalamandir) Limited,NSE
KALPATARU.NS,Kalpataru Limited,NSE
KALYANI.NS,Kalyani Commercials Limited,NSE
KALYANIFRG.NS,Kalyani Forge Limited,NSE
KALYANKJIL.NS,Kalyan Jewellers India Limited,NSE
KAMATHOTEL.NS,Kamat Hotels (I) Limited,NSE
KAMDHENU.NS,Kamdhenu Limited,NSE
KAMOPAINTS.NS,Kamdhenu Ventures Limited,NSE
KANANIIND.NS,Kanani Industries Limited,NSE
KANORICHEM.NS,Kanoria Chemicals & Industries Limited,NSE
KANPRPLA.NS,Kanpur Plastipack Limited,NSE
KANSAINER.NS,Kansai Nerolac Paints Limited,NSE
KAPSTON.NS,Kapston Services Limited,NSE
KARMAENG.NS,Karma Energy Limited,NSE
KARURVYSYA.NS,Karur Vysya Bank Limited,NSE
KAUSHALYA.NS,Kaushalya Infrastructure Development Corporation Limited,NSE
KAVDEFENCE.NS,Kavveri Defence & Wireless Technologies Limited,NSE
KAYA.NS,Kaya Limited,NSE
KAYNES.NS,Kaynes Technology India Limited,NSE
KCP.NS,KCP Limited,NSE
KCPSUGIND.NS,KCP Sugar and Industries Corporation Limited,NSE
KDDL.NS,KDDL Limited,NSE
KEC.NS,KEC International Limited,NSE
KECL.NS,Kirloskar Electric Company Limited,NSE
KEEPLEARN.NS,DSJ Keep Learning Limited,NSE
KEI.NS,KEI Industries Limited,NSE
KELLTONTEC.NS,Kellton Tech Solutions Limited,NSE
KERNEX.NS,Kernex Microsystems (India) Limited,NSE
KESORAMIND.NS,Kesoram Industries Limited,NSE
KEYFINSERV.NS,Keynote Financial Services Limited,NSE
KFINTECH.NS,Kfin Technologies Limited,NSE
KHADIM.NS,Khadim India Limited,NSE
KHAICHEM.NS,Khaitan Chemicals & Fertilizers Limited,NSE
KHAITANLTD.NS,Khaitan (India) Limited,NSE
KHANDSE.NS,Khandwala Securities Limited,NSE
KICL.NS,Kalyani Investment Company Limited,NSE
KILITCH.NS,Kilitch Drugs (India) Limited,NSE
KIMS.NS,Krishna Institute of Medical Sciences Limited,NSE
KINGFA.NS,Kingfa Science & Technology (India) Limited,NSE
KIOCL.NS,KIOCL Limited,NSE
KIRIINDUS.NS,Kiri Industries Limited,NSE
KIRLOSBROS.NS,Kirloskar Brothers Limited,NSE
KIRLOSENG.NS,Kirloskar Oil Engines Limited,NSE
KIRLOSIND.NS,Kirloskar Industries Limited,NSE
KIRLPNU.NS,Kirloskar Pneumatic Company Limited,NSE
KITEX.NS,Kitex Garments Limited,NSE
KKCL.NS,Kewal Kiran Clothing Limited,NSE
KMEW.NS,Knowledge Marine & Engineering Works Limited,NSE
KMSUGAR.NS,K.M.Sugar Mills Limited,NSE
KNAGRI.NS,KN Agri Resources Limited,NSE
KNRCON.NS,KNR Constructions Limited,NSE
KOHINOOR.NS,Kohinoor Foods Limited,NSE
KOKUYOCMLN.NS,Kokuyo Camlin Limited,NSE
KOLTEPATIL.NS,Kolte - Patil Developers Limited,NSE
KOPRAN.NS,Kopran Limited,NSE
KOTAKBANK.NS,Kotak Mahindra Bank Limited,NSE
KOTARISUG.NS,Kothari Sugars And Chemicals Limited,NSE
KOTHARIPET.NS,Kothari Petrochemicals Limited,NSE
KOTHARIPRO.NS,Kothari Products Limited,NSE
KOTYARK.NS,Kotyark Industries Limited,NSE
KPEL.NS,K.P. Energy Limited,NSE
KPIGREEN.NS,KPI Green Energy Limited,NSE
KPIL.NS,Kalpataru Projects International Limited,NSE
KPITTECH.NS,KPIT Technologies Limited,NSE
KPRMILL.NS,K.P.R. Mill Limited,NSE
KRBL.NS,KRBL Limited,NSE
KREBSBIO.NS,Krebs Biochemicals and Industries Limited,NSE
KRIDHANINF.NS,Kridhan Infra Limited,NSE
KRISHANA.NS,Krishana Phoschem Limited,NSE
KRISHIVAL.NS,Krishival Foods Limited,NSE
KRISHNADEF.NS,Krishna Defence And Allied Industries Limited,NSE
KRITI.NS,Kriti Industries (India) Limited,NSE
KRITIKA.NS,Kritika Wires Limited,NSE
KRITINUT.NS,Kriti Nutrients Limited,NSE
KRN.NS,KRN Heat Exchanger and Refrigeration Limited,NSE
KRONOX.NS,Kronox Lab Sciences Limited,NSE
KROSS.NS,Kross Limited,NSE
KRSNAA.NS,Krsnaa Diagnostics Limited,NSE
KRYSTAL.NS,Krystal Integrated Services Limited,NSE
KSB.NS,Ksb Limited,NSE
KSCL.NS,Kaveri Seed Company Limited,NSE
KSHINTL.NS,KSH International Limited,NSE
KSHITIJPOL.NS,Kshitij Polyline Limited,NSE
KSL.NS,Kalyani Steels Limited,NSE
KSOLVES.NS,Ksolves India Limited,NSE
KSR.NS,KSR Footwear Limited,NSE
KTKBANK.NS,The Karnataka Bank Limited,NSE
KUANTUM.NS,Kuantum Papers Limited,NSE
KWIL.NS,Kwality Wall's (India) Limited,NSE
LAGNAM.NS,Lagnam Spintex Limited,NSE
LAKPRE.NS,Lakshmi Precision Screws Limited,NSE
LAL.NS,Lorenzini Apparels Limited,NSE
LALPATHLAB.NS,Dr. Lal Path Labs Ltd.,NSE
LAMBODHARA.NS,Lambodhara Textiles Limited,NSE
LANCORHOL.NS,Lancor Holdings Limited,NSE
LANDMARK.NS,Landmark Cars Limited,NSE
LANDSMILL.NS,Landsmill Green Limited,NSE
LAOPALA.NS,La Opala RG Limited,NSE
LASA.NS,Lasa Supergenerics Limited,NSE
LATENTVIEW.NS,Latent View Analytics Limited,NSE
LATTEYS.NS,Latteys Industries Limited,NSE
LAURUSLABS.NS,Laurus Labs Limited,NSE
LAXMICOT.NS,Laxmi Cotspin Limited,NSE
LAXMIDENTL.NS,Laxmi Dental Limited,NSE
LAXMIINDIA.NS,Laxmi India Finance Limited,NSE
LCCINFOTEC.NS,LCC Infotech Limited,NSE
LEMERITE.NS,Le Merite Exports Limited,NSE
LEMONTREE.NS,Lemon Tree Hotels Limited,NSE
LENSKART.NS,Lenskart Solutions Limited,NSE
LEXUS.NS,Lexus Granito (India) Limited,NSE
LFIC.NS,Lakshmi Finance & Industrial Corporation Limited,NSE
LGBBROSLTD.NS,LG Balakrishnan & Bros Limited,NSE
LGEINDIA.NS,LG Electronics India Limited,NSE
LGHL.NS,Laxmi Goldorna House Limited,NSE
LIBAS.NS,Libas Consumer Products Limited,NSE
LIBERTSHOE.NS,Liberty Shoes Limited,NSE
LICHSGFIN.NS,LIC Housing Finance Limited,NSE
LICI.NS,Life Insurance Corporation Of India,NSE
LIKHITHA.NS,Likhitha Infrastructure Limited,NSE
LINC.NS,Linc Limited,NSE
LINCOLN.NS,Lincoln Pharmaceuticals Limited,NSE
LINDEINDIA.NS,Linde India Limited,NSE
LLOYDSENGG.NS,LLOYDS ENGINEERING WORKS LIMITED,NSE
LLOYDSENT.NS,Lloyds Enterprises Limited,NSE
LLOYDSME.NS,Lloyds Metals And Energy Limited,NSE
LMW.NS,LMW Limited,NSE
LODHA.NS,Lodha Developers Limited,NSE
LOKESHMACH.NS,Lokesh Machines Limited,NSE
LORDSCHLO.NS,Lords Chloro Alkali Limited,NSE
LOTUSDEV.NS,Sri Lotus Developers and Realty Limited,NSE
LOTUSEYE.NS,Lotus Eye Hospital and Institute Limited,NSE
LOVABLE.NS,Lovable Lingerie Limited,NSE
LOYALTEX.NS,Loyal Textile Mills Limited,NSE
LPDC.NS,Landmark Property Development Company Limited,NSE
LT.NS,Larsen & Toubro Limited,NSE
LTF.NS,L&T Finance Limited,NSE
LTFOODS.NS,LT Foods Limited,NSE
LTM.NS,LTM Limited,NSE
LTTS.NS,L&T Technology Services Limited,NSE
LUMAXIND.NS,Lumax Industries Limited,NSE
LUMAXTECH.NS,Lumax Auto Technologies Limited,NSE
LUPIN.NS,Lupin Limited,NSE
LUXIND.NS,Lux Industries Limited,NSE
LXCHEM.NS,Laxmi Organic Industries Limited,NSE
LYKALABS.NS,Lyka Labs Limited,NSE
LYPSAGEMS.NS,Lypsa Gems & Jewellery Limited,NSE
M&M.NS,Mahindra & Mahindra Limited,NSE
M&MFIN.NS,Mahindra & Mahindra Financial Services Limited,NSE
MAANALU.NS,Maan Aluminium Limited,NSE
MACPOWER.NS,Macpower CNC Machines Limited,NSE
MADHAV.NS,Madhav Marbles and Granites Limited,NSE
MADHUCON.NS,Madhucon Projects Limited,NSE
MADRASFERT.NS,Madras Fertilizers Limited,NSE
MAGADSUGAR.NS,Magadh Sugar & Energy Limited,NSE
MAGNUM.NS,Magnum Ventures Limited,NSE
MAHABANK.NS,Bank of Maharashtra,NSE
MAHAPE-RE.NS,Maha Rashtra Apex Corporation Limited-RE,NSE
MAHAPEXLTD.NS,Maha Rashtra Apex Corporation Limited,NSE
MAHASTEEL.NS,Mahamaya Steel Industries Limited,NSE
MAHEPC.NS,Mahindra EPC Irrigation Limited,NSE
MAHESHWARI.NS,Maheshwari Logistics Limited,NSE
MAHLIFE.NS,Mahindra Lifespace Developers Limited,NSE
MAHLOG.NS,Mahindra Logistics Limited,NSE
MAHSCOOTER.NS,Maharashtra Scooters Limited,NSE
MAHSEAMLES.NS,Maharashtra Seamless Limited,NSE
MAITHANALL.NS,Maithan Alloys Limited,NSE
MALLCOM.NS,Mallcom (India) Limited,NSE
MALUPAPER.NS,Malu Paper Mills Limited,NSE
MAMATA.NS,Mamata Machinery Limited,NSE
MANAKALUCO.NS,Manaksia Aluminium Company Limited,NSE
MANAKCOAT.NS,Manaksia Coated Metals & Industries Limited,NSE
MANAKSIA.NS,Manaksia Limited,NSE
MANAKSTEEL.NS,Manaksia Steels Limited,NSE
MANALIPETC.NS,Manali Petrochemicals Limited,NSE
MANAPPURAM.NS,Manappuram Finance Limited,NSE
MANBA.NS,Manba Finance Limited,NSE
MANCREDIT.NS,Mangal Credit and Fincorp Limited,NSE
MANGALAM.NS,Mangalam Drugs And Organics Limited,NSE
MANGLMCEM.NS,Mangalam Cement Limited,NSE
MANINDS.NS,Man Industries (India) Limited,NSE
MANINFRA.NS,Man Infraconstruction Limited,NSE
MANKIND.NS,Mankind Pharma Limited,NSE
MANOMAY.NS,Manomay Tex India Limited,NSE
MANORAMA.NS,Manorama Industries Limited,NSE
MANORG.NS,Mangalam Organics Limited,NSE
MANUGRAPH.NS,Manugraph India Limited,NSE
MANYAVAR.NS,Vedant Fashions Limited,NSE
MAPMYINDIA.NS,C.E. Info Systems Limited,NSE
MARALOVER.NS,Maral Overseas Limited,NSE
MARATHON.NS,Marathon Nextgen Realty Limited,NSE
MARICO.NS,Marico Limited,NSE
MARINE.NS,Marine Electricals (India) Limited,NSE
MARKOLINES.NS,Markolines Pavement Technologies Limited,NSE
MARKSANS.NS,Marksans Pharma Limited,NSE
MARSONS.NS,Marsons Limited,NSE
MARUTI.NS,Maruti Suzuki India Limited,NSE
MASFIN.NS,MAS Financial Services Limited,NSE
MASKINVEST.NS,Mask Investments Limited,NSE
MASTEK.NS,Mastek Limited,NSE
MASTERTR.NS,Master Trust Limited,NSE
MATRIMONY.NS,Matrimony.Com Limited,NSE
MAWANASUG.NS,Mawana Sugars Limited,NSE
MAXESTATES.NS,Max Estates Limited,NSE
MAXHEALTH.NS,Max Healthcare Institute Limited,NSE
MAXIND.NS,Max India Limited,NSE
MAYURUNIQ.NS,Mayur Uniquoters Ltd,NSE
MAZDA.NS,Mazda Limited,NSE
MAZDOCK.NS,Mazagon Dock Shipbuilders Limited,NSE
MBAPL.NS,Madhya Bharat Agro Products Limited,NSE
MBEL.NS,M & B Engineering Limited,NSE
MBLINFRA.NS,MBL Infrastructure Limited,NSE
MCL.NS,Madhav Copper Limited,NSE
MCLEODRUSS.NS,Mcleod Russel India Limited,NSE
MCLOUD.NS,Magellanic Cloud Limited,NSE
MCX.NS,Multi Commodity Exchange of India Limited,NSE
MEDANTA.NS,Global Health Limited,NSE
MEDIASSIST.NS,Medi Assist Healthcare Services Limited,NSE
MEDICAMEQ.NS,Medicamen Biotech Limited,NSE
MEDICO.NS,Medico Remedies Limited,NSE
MEDPLUS.NS,Medplus Health Services Limited,NSE
MEESHO.NS,Meesho Limited,NSE
MEGASTAR.NS,Megastar Foods Limited,NSE
MEIL.NS,Mangal Electrical Industries Limited,NSE
MENONBE.NS,Menon Bearings Limited,NSE
MEP.NS,MEP Infrastructure Developers Limited,NSE
METROBRAND.NS,Metro Brands Limited,NSE
METROPOLIS.NS,Metropolis Healthcare Limited,NSE
MFML.NS,Mahalaxmi Fabric Mills Limited,NSE
MFSL.NS,Max Financial Services Limited,NSE
MGEL.NS,Mangalam Global Enterprise Limited,NSE
MGL.NS,Mahanagar Gas Limited,NSE
MHLXMIRU.NS,Mahalaxmi Rubtech Limited,NSE
MHRIL.NS,Mahindra Holidays & Resorts India Limited,NSE
MICEL.NS,MIC Electronics Limited,NSE
MIDHANI.NS,Mishra Dhatu Nigam Limited,NSE
MIDWESTLTD.NS,Midwest Limited,NSE
MINDACORP.NS,Minda Corporation Limited,NSE
MINDTECK.NS,Mindteck (India) Limited,NSE
MIRCELECTR.NS,MIRC Electronics Limited,NSE
MIRZAINT.NS,Mirza International Limited,NSE
MITCON.NS,MITCON Consultancy & Engineering Services Limited,NSE
MITTAL.NS,Mittal Life Style Limited,NSE
MKPL.NS,M K Proteins Limited,NSE
MMFL.NS,MM Forgings Limited,NSE
MMP.NS,MMP Industries Limited,NSE
MMTC.NS,MMTC Limited,NSE
MOBIKWIK.NS,One Mobikwik Systems Limited,NSE
MODINATUR.NS,Modi Naturals Limited,NSE
MODIRUBBER.NS,Modi Rubber Limited,NSE
MODIS.NS,Modis Navnirman Limited,NSE
MODISONLTD.NS,MODISON LIMITED,NSE
MODTHREAD.NS,Modern Threads (India) Limited,NSE
MOHITIND.NS,Mohit Industries Limited,NSE
MOIL.NS,MOIL Limited,NSE
MOKSH.NS,Moksh Ornaments Limited,NSE
MOL.NS,Meghmani Organics Limited,NSE
MOLDTECH.NS,Mold-Tek Technologies Limited,NSE
MOLDTKPAC.NS,Mold-Tek Packaging Limited,NSE
MONARCH.NS,Monarch Networth Capital Limited,NSE
MONEYBOXX.NS,Moneyboxx Finance Limited,NSE
MONTECARLO.NS,Monte Carlo Fashions Limited,NSE
MOREPENLAB.NS,Morepen Laboratories Limited,NSE
MOSCHIP.NS,Moschip Technologies Limited,NSE
MOTHERSON.NS,Samvardhana Motherson International Limited,NSE
MOTILALOFS.NS,Motilal Oswal Financial Services Limited,NSE
MOTISONS.NS,Motisons Jewellers Limited,NSE
MOTOGENFIN.NS,The Motor & General Finance Limited,NSE
MPHASIS.NS,MphasiS Limited,NSE
MPSLTD.NS,MPS Limited,NSE
MRF.NS,MRF Limited,NSE
MRPL.NS,Mangalore Refinery and Petrochemicals Limited,NSE
MSPL.NS,MSP Steel & Power Limited,NSE
MSTCLTD.NS,Mstc Limited,NSE
MSUMI.NS,Motherson Sumi Wiring India Limited,NSE
MTARTECH.NS,Mtar Technologies Limited,NSE
MTEDUCARE.NS,MT Educare Limited,NSE
MTNL.NS,Mahanagar Telephone Nigam Limited,NSE
MUFIN.NS,Mufin Green Finance Limited,NSE
MUFTI.NS,Credo Brands Marketing Limited,NSE
MUKANDLTD.NS,Mukand Limited,NSE
MUKKA.NS,Mukka Proteins Limited,NSE
MUKTAARTS.NS,Mukta Arts Limited,NSE
MUNJALAU.NS,Munjal Auto Industries Limited,NSE
MUNJALSHOW.NS,Munjal Showa Limited,NSE
MURUDCERA.NS,Murudeshwar Ceramics Limited,NSE
MUTHOOTCAP.NS,Muthoot Capital Services Limited,NSE
MUTHOOTFIN.NS,Muthoot Finance Limited,NSE
MUTHOOTMF.NS,Muthoot Microfin Limited,NSE
MVGJL.NS,Manoj Vaibhav Gems N Jewellers Limited,NSE
MWL.NS,Mangalam Worldwide Limited,NSE
NACLIND.NS,NACL Industries Limited,NSE
NAGAFERT.NS,Nagarjuna Fertilizers and Chemicals Limited,NSE
NAGREEKCAP.NS,Nagreeka Capital & Infrastructure Limited,NSE
NAGREEKEXP.NS,Nagreeka Exports Limited,NSE
NAHARCAP.NS,Nahar Capital and Financial Services Limited,NSE
NAHARINDUS.NS,Nahar Industrial Enterprises Limited,NSE
NAHARPOLY.NS,Nahar Poly Films Limited,NSE
NAHARSPING.NS,Nahar Spinning Mills Limited,NSE
NAM-INDIA.NS,Nippon Life India Asset Management Limited,NSE
NARMADA.NS,Narmada Agrobase Limited,NSE
NATCAPSUQ.NS,Natural Capsules Limited,NSE
NATCOPHARM.NS,Natco Pharma Limited,NSE
NATHBIOGEN.NS,Nath Bio-Genes (India) Limited,NSE
NATIONALUM.NS,National Aluminium Company Limited,NSE
NAUKRI.NS,Info Edge (India) Limited,NSE
NAVA.NS,NAVA LIMITED,NSE
NAVINFLUOR.NS,Navin Fluorine International Limited,NSE
NAVKARCORP.NS,Navkar Corporation Limited,NSE
NAVKARURB.NS,Navkar Urbanstructure Limited,NSE
NAVNETEDUL.NS,Navneet Education Limited,NSE
NAZARA.NS,Nazara Technologies Limited,NSE
NBCC.NS,NBCC (India) Limited,NSE
NBIFIN.NS,N. B. I. Industrial Finance Company Limited,NSE
NCC.NS,NCC Limited,NSE
NCLIND.NS,NCL Industries Limited,NSE
NDGL.NS,Naga Dhunseri Group Limited,NSE
NDL.NS,Nandan Denim Limited,NSE
NDLVENTURE.NS,NDL Ventures Limited,NSE
NDRAUTO.NS,Ndr Auto Components Limited,NSE
NDTV.NS,New Delhi Television Limited,NSE
NECCLTD.NS,North Eastern Carrying Corporation Limited,NSE
NECLIFE.NS,Nectar Lifesciences Limited,NSE
NELCAST.NS,Nelcast Limited,NSE
NELCO.NS,NELCO Limited,NSE
NEOGEN.NS,Neogen Chemicals Limited,NSE
NEPHROPLUS.NS,Nephrocare Health Services Limited,NSE
NESCO.NS,Nesco Limited,NSE
NESTLEIND.NS,Nestle India Limited,NSE
NETWEB.NS,Netweb Technologies India Limited,NSE
NETWORK18.NS,Network18 Media & Investments Limited,NSE
NEULANDLAB.NS,Neuland Laboratories Limited,NSE
NEWGEN.NS,Newgen Software Technologies Limited,NSE
NEXTMEDIA.NS,Next Mediaworks Limited,NSE
NFL.NS,National Fertilizers Limited,NSE
NGIL.NS,Nakoda Group of Industries Limited,NSE
NGLFINE.NS,NGL Fine-Chem Limited,NSE
NH.NS,Narayana Hrudayalaya Ltd.,NSE
NHPC.NS,NHPC Limited,NSE
NIACL.NS,The New India Assurance Company Limited,NSE
NIBE.NS,NIBE Limited,NSE
NIBL.NS,NRB Industrial Bearings Limited,NSE
NIITLTD.NS,NIIT Limited,NSE
NIITMTS.NS,NIIT Learning Systems Limited,NSE
NILAINFRA.NS,Nila Infrastructures Limited,NSE
NILASPACES.NS,Nila Spaces Limited,NSE
NILKAMAL.NS,Nilkamal Limited,NSE
NIMBSPROJ.NS,Nimbus Projects Limited,NSE
NINSYS.NS,NINtec Systems Limited,NSE
NIPPOBATRY.NS,Indo-National Limited,NSE
NIRAJ.NS,Niraj Cement Structurals Limited,NSE
NIRAJISPAT.NS,Niraj Ispat Industries Limited,NSE
NITCO.NS,Nitco Limited,NSE
NITINSPIN.NS,Nitin Spinners Limited,NSE
NITIRAJ.NS,Nitiraj Engineers Limited,NSE
NIVABUPA.NS,Niva Bupa Health Insurance Company Limited,NSE
NKIND.NS,NK Industries Limited,NSE
NLCINDIA.NS,NLC India Limited,NSE
NMDC.NS,NMDC Limited,NSE
NOCIL.NS,NOCIL Limited,NSE
NOIDATOLL.NS,Noida Toll Bridge Company Limited,NSE
NORBTEAEXP.NS,Norben Tea & Exports Limited,NSE
NORTHARC.NS,Northern Arc Capital Limited,NSE
NOVAAGRI.NS,Nova Agritech Limited,NSE
NPST.NS,Network People Services Technologies Limited,NSE
NRAIL.NS,N R Agarwal Industries Limited,NSE
NRBBEARING.NS,NRB Bearing Limited,NSE
NRL.NS,Nupur Recyclers Limited,NSE
NSIL.NS,Nalwa Sons Investments Limited,NSE
NSLNISP.NS,NMDC Steel Limited,NSE
NTPC.NS,NTPC Limited,NSE
NTPCGREEN.NS,NTPC Green Energy Limited,NSE
NUCLEUS.NS,Nucleus Software Exports Limited,NSE
NURECA.NS,Nureca Limited,NSE
NUVAMA.NS,Nuvama Wealth Management Limited,NSE
NUVOCO.NS,Nuvoco Vistas Corporation Limited,NSE
NYKAA.NS,FSN E-Commerce Ventures Limited,NSE
OAL.NS,Oriental Aromatics Limited,NSE
OBCL.NS,Orissa Bengal Carrier Limited,NSE
OBEROIRLTY.NS,Oberoi Realty Limited,NSE
OCCLLTD.NS,OCCL Limited,NSE
ODIGMA.NS,Odigma Consultancy Solutions Limited,NSE
OFSS.NS,Oracle Financial Services Software Limited,NSE
OIL.NS,Oil India Limited,NSE
OILCOUNTUB.NS,Oil Country Tubular Limited,NSE
OLAELEC.NS,Ola Electric Mobility Limited,NSE
OLECTRA.NS,Olectra Greentech Limited,NSE
OMAXAUTO.NS,Omax Autos Limited,NSE
OMAXE.NS,Omaxe Limited,NSE
OMFREIGHT.NS,Om Freight Forwarders Limited,NSE
OMINFRAL.NS,OM INFRA LIMITED,NSE
OMKARCHEM.NS,Omkar Speciality Chemicals Limited,NSE
OMNI.NS,Omnitech Engineering Limited,NSE
OMPOWER.NS,Om Power Transmission Limited,NSE
ONELIFECAP.NS,Onelife Capital Advisors Limited,NSE
ONEPOINT.NS,One Point One Solutions Limited,NSE
ONESOURCE.NS,Onesource Specialty Pharma Limited,NSE
ONGC.NS,Oil & Natural Gas Corporation Limited,NSE
ONMOBILE.NS,OnMobile Global Limited,NSE
ONWARDTEC.NS,Onward Technologies Limited,NSE
OPTIEMUS.NS,Optiemus Infracom Limited,NSE
ORBTEXP.NS,Orbit Exports Limited,NSE
ORCHASP.NS,Orchasp Limited,NSE
ORCHPHARMA.NS,Orchid Pharma Limited,NSE
ORICONENT.NS,Oricon Enterprises Limited,NSE
ORIENTALTL.NS,Oriental Trimex Limited,NSE
ORIENTBELL.NS,Orient Bell Limited,NSE
ORIENTCEM.NS,Orient Cement Limited,NSE
ORIENTCER.NS,ORIENT CERATECH LIMITED,NSE
ORIENTELEC.NS,Orient Electric Limited,NSE
ORIENTHOT.NS,Oriental Hotels Limited,NSE
ORIENTLTD.NS,Orient Press Limited,NSE
ORIENTPPR.NS,Orient Paper & Industries Limited,NSE
ORIENTTECH.NS,Orient Technologies Limited,NSE
ORISSAMINE.NS,The Orissa Minerals Development Company Limited,NSE
ORKLAINDIA.NS,Orkla India Limited,NSE
ORTEL.NS,Ortel Communications Limited,NSE
ORTINGLOBE.NS,ORTIN GLOBAL LIMITED,NSE
OSIAHYPER.NS,Osia Hyper Retail Limited,NSE
OSWALAGRO.NS,Oswal Agro Mills Limited,NSE
OSWALGREEN.NS,Oswal Greentech Limited,NSE
OSWALPUMPS.NS,Oswal Pumps Limited,NSE
OSWALSEEDS.NS,ShreeOswal Seeds And Chemicals Limited,NSE
PACEDIGITK.NS,Pace Digitek Limited,NSE
PAGEIND.NS,Page Industries Limited,NSE
PAISALO.NS,Paisalo Digital Limited,NSE
PAKKA.NS,PAKKA LIMITED,NSE
PALASHSECU.NS,Palash Securities Limited,NSE
PALREDTEC.NS,Palred Technologies Limited,NSE
PANACEABIO.NS,Panacea Biotec Limited,NSE
PANACHE.NS,Panache Digilife Limited,NSE
PANAMAPET.NS,Panama Petrochem Limited,NSE
PANSARI.NS,Pansari Developers Limited,NSE
PAR.NS,Par Drugs And Chemicals Limited,NSE
PARACABLES.NS,Paramount Communications Limited,NSE
PARADEEP.NS,Paradeep Phosphates Limited,NSE
PARAGMILK.NS,Parag Milk Foods Limited,NSE
PARAS.NS,Paras Defence and Space Technologies Limited,NSE
PARASPETRO.NS,Paras Petrofils Limited,NSE
PARKHOSPS.NS,Park Medi World Limited,NSE
PARKHOTELS.NS,Apeejay Surrendra Park Hotels Limited,NSE
PARSVNATH.NS,Parsvnath Developers Limited,NSE
PASHUPATI.NS,Pashupati Cotspin Limited,NSE
PASUPTAC.NS,Pasupati Acrylon Limited,NSE
PATANJALI.NS,Patanjali Foods Limited,NSE
PATELENG.NS,Patel Engineering Limited,NSE
PATELRMART.NS,Patel Retail Limited,NSE
PATINTLOG.NS,Patel Integrated Logistics Limited,NSE
PAUSHAKLTD.NS,Paushak Limited,NSE
PAVNAIND.NS,Pavna Industries Limited,NSE
PAYTM.NS,One 97 Communications Limited,NSE
PCBL.NS,PCBL Chemical Limited,NSE
PCJEWELLER.NS,PC Jeweller Limited,NSE
PDMJEPAPER.NS,Pudumjee Paper Products Limited,NSE
PDSL.NS,PDS Limited,NSE
PEARLPOLY.NS,Pearl Polymers Limited,NSE
PENIND.NS,Pennar Industries Limited,NSE
PENINLAND.NS,Peninsula Land Limited,NSE
PERSISTENT.NS,Persistent Systems Limited,NSE
PETRONET.NS,Petronet LNG Limited,NSE
PFC.NS,Power Finance Corporation Limited,NSE
PFIZER.NS,Pfizer Limited,NSE
PFOCUS.NS,Prime Focus Limited,NSE
PFS.NS,PTC India Financial Services Limited,NSE
PGEL.NS,PG Electroplast Limited,NSE
PGHH.NS,Procter & Gamble Hygiene and Health Care Limited,NSE
PGHL.NS,Procter & Gamble Health Limited,NSE
PGIL.NS,Pearl Global Industries Limited,NSE
PHOENIXLTD.NS,The Phoenix Mills Limited,NSE
PICCADIL.NS,Piccadily Agro Industries Limited,NSE
PIDILITIND.NS,Pidilite Industries Limited,NSE
PIGL.NS,Power & Instrumentation (Gujarat) Limited,NSE
PIIND.NS,PI Industries Limited,NSE
PILANIINVS.NS,Pilani Investment and Industries Corporation Limited,NSE
PILITA.NS,PIL ITALICA LIFESTYLE LIMITED,NSE
PINELABS.NS,Pine Labs Limited,NSE
PIONEEREMB.NS,Pioneer Embroideries Limited,NSE
PIRAMALFIN.NS,Piramal Finance Limited,NSE
PITTIENG.NS,Pitti Engineering Limited,NSE
PIXTRANS.NS,Pix Transmissions Limited,NSE
PKTEA.NS,The Peria Karamalai Tea & Produce Company Limited,NSE
PLASTIBLEN.NS,Plastiblends India Limited,NSE
PLATIND.NS,Platinum Industries Limited,NSE
PLAZACABLE.NS,Plaza Wires Limited,NSE
PNB.NS,Punjab National Bank,NSE
PNBGILTS.NS,PNB Gilts Limited,NSE
PNBHOUSING.NS,PNB Housing Finance Limited,NSE
PNC.NS,Pritish Nandy Communications Limited,NSE
PNCINFRA.NS,PNC Infratech Limited,NSE
PNGJL.NS,P N Gadgil Jewellers Limited,NSE
PNGSREVA.NS,PNGS Reva Diamond Jewellery Limited,NSE
POCL.NS,Pondy Oxides & Chemicals Limited,NSE
PODDARMENT.NS,Poddar Pigments Limited,NSE
POKARNA.NS,Pokarna Limited,NSE
POLICYBZR.NS,PB Fintech Limited,NSE
POLYCAB.NS,Polycab India Limited,NSE
POLYMED.NS,Poly Medicure Limited,NSE
POLYPLEX.NS,Polyplex Corporation Limited,NSE
PONNIERODE.NS,Ponni Sugars (Erode) Limited,NSE
POONAWALLA.NS,Poonawalla Fincorp Limited,NSE
POWERGRID.NS,Power Grid Corporation of India Limited,NSE
POWERICA.NS,Powerica Limited,NSE
POWERINDIA.NS,Hitachi Energy India Limited,NSE
POWERMECH.NS,Power Mech Projects Limited,NSE
PPAP.NS,PPAP Automotive Limited,NSE
PPL.NS,Prakash Pipes Limited,NSE
PPLPHARMA.NS,Piramal Pharma Limited,NSE
PRABHA.NS,Prabha Energy Limited,NSE
PRAENG.NS,Prajay Engineers Syndicate Limited,NSE
PRAJIND.NS,Praj Industries Limited,NSE
PRAKASH.NS,Prakash Industries Limited,NSE
PRAKASHSTL.NS,Prakash Steelage Limited,NSE
PRAXIS.NS,Praxis Home Retail Limited,NSE
PRECAM.NS,Precision Camshafts Limited,NSE
PRECOT.NS,Precot Limited,NSE
PRECWIRE.NS,Precision Wires India Limited,NSE
PREMEXPLN.NS,Premier Explosives Limited,NSE
PREMIER.NS,Premier Limited,NSE
PREMIERENE.NS,Premier Energies Limited,NSE
PREMIERPOL.NS,Premier Polyfilm Limited,NSE
PRESTIGE.NS,Prestige Estates Projects Limited,NSE
PRICOLLTD.NS,Pricol Limited,NSE
PRIMESECU.NS,Prime Securities Limited,NSE
PRIMO.NS,Primo Chemicals Limited,NSE
PRINCEPIPE.NS,Prince Pipes And Fittings Limited,NSE
PRITI.NS,Priti International Limited,NSE
PRITIKAUTO.NS,Pritika Auto Industries Limited,NSE
PRIVISCL.NS,Privi Speciality Chemicals Limited,NSE
PROSTARM.NS,Prostarm Info Systems Limited,NSE
PROTEAN.NS,Protean eGov Technologies Limited,NSE
PROZONER.NS,Prozone Realty Limited,NSE
PRSMJOHNSN.NS,Prism Johnson Limited,NSE
PRUDENT.NS,Prudent Corporate Advisory Services Limited,NSE
PRUDMOULI.NS,Prudential Sugar Corporation Limited,NSE
PSB.NS,Punjab & Sind Bank,NSE
PSPPROJECT.NS,PSP Projects Limited,NSE
PTC.NS,PTC India Limited,NSE
PTCIL.NS,PTC Industries Limited,NSE
PTL.NS,PTL Enterprises Limited,NSE
PUNJABCHEM.NS,Punjab Chemicals & Crop Protection Limited,NSE
PURVA.NS,Puravankara Limited,NSE
PVP.NS,PVP Ventures Limited,NSE
PVRINOX.NS,PVR INOX Limited,NSE
PVSL.NS,Popular Vehicles and Services Limited,NSE
PWL.NS,Physicswallah Limited,NSE
PYRAMID.NS,Pyramid Technoplast Limited,NSE
QPOWER.NS,Quality Power Electrical Equipments Limited,NSE
QUADFUTURE.NS,Quadrant Future Tek Limited,NSE
QUESS.NS,Quess Corp Limited,NSE
QUICKHEAL.NS,Quick Heal Technologies Limited,NSE
RACE.NS,Race Eco Chain Limited,NSE
RACLGEAR.NS,RACL Geartech Limited,NSE
RADAAN.NS,Radaan Mediaworks India Limited,NSE
RADHIKAJWE.NS,Radhika Jeweltech Limited,NSE
RADIANTCMS.NS,Radiant Cash Management Services Limited,NSE
RADICO.NS,Radico Khaitan Limited,NSE
RADIOCITY.NS,Music Broadcast Limited,NSE
RAILTEL.NS,Railtel Corporation Of India Limited,NSE
RAIN.NS,Rain Industries Limited,NSE
RAINBOW.NS,Rainbow Childrens Medicare Limited,NSE
RAJESHEXPO.NS,Rajesh Exports Limited,NSE
RAJMET.NS,Rajnandini Metal Limited,NSE
RAJOOENG.NS,Rajoo Engineers Limited,NSE
RAJRATAN.NS,Rajratan Global Wire Limited,NSE
RAJRILTD.NS,Raj Rayon Industries Limited,NSE
RAJSREESUG.NS,Rajshree Sugars & Chemicals Limited,NSE
RAJTV.NS,Raj Television Network Limited,NSE
RALLIS.NS,Rallis India Limited,NSE
RAMANEWS.NS,Shree Rama Newsprint Limited,NSE
RAMAPHO.NS,Rama Phosphates Limited,NSE
RAMASTEEL.NS,Rama Steel Tubes Limited,NSE
RAMCOCEM.NS,The Ramco Cements Limited,NSE
RAMCOIND.NS,Ramco Industries Limited,NSE
RAMCOSYS.NS,Ramco Systems Limited,NSE
RAMKY.NS,Ramky Infrastructure Limited,NSE
RAMRAT.NS,Ram Ratna Wires Limited,NSE
RANASUG.NS,Rana Sugars Limited,NSE
RANEHOLDIN.NS,Rane Holdings Limited,NSE
RATEGAIN.NS,Rategain Travel Technologies Limited,NSE
RATNAMANI.NS,Ratnamani Metals & Tubes Limited,NSE
RATNAVEER.NS,Ratnaveer Precision Engineering Limited,NSE
RAYMOND.NS,Raymond Limited,NSE
RAYMONDLSL.NS,Raymond Lifestyle Limited,NSE
RAYMONDREL.NS,Raymond Realty Limited,NSE
RBA.NS,Restaurant Brands Asia Limited,NSE
RBLBANK.NS,RBL Bank Limited,NSE
RBZJEWEL.NS,RBZ Jewellers Limited,NSE
RCF.NS,Rashtriya Chemicals and Fertilizers Limited,NSE
RCOM.NS,Reliance Communications Limited,NSE
RECLTD.NS,REC Limited,NSE
REDINGTON.NS,Redington Limited,NSE
REDTAPE.NS,Redtape Limited,NSE
REFEX.NS,Refex Industries Limited,NSE
REGAAL.NS,Regaal Resources Limited,NSE
REGENCERAM.NS,Regency Ceramics Limited,NSE
RELAXO.NS,Relaxo Footwears Limited,NSE
RELCHEMQ.NS,Reliance Chemotex Industries Limited,NSE
RELIABLE.NS,Reliable Data Services Limited,NSE
RELIANCE.NS,Reliance Industries Limited,NSE
RELIGARE.NS,Religare Enterprises Limited,NSE
RELTD.NS,Ravindra Energy Limited,NSE
REMSONSIND.NS,Remsons Industries Limited,NSE
RENUKA.NS,Shree Renuka Sugars Limited,NSE
REPCOHOME.NS,Repco Home Finance Limited,NSE
REPL.NS,Rudrabhishek Enterprises Limited,NSE
REPRO.NS,Repro India Limited,NSE
RESPONIND.NS,Responsive Industries Limited,NSE
RETAIL.NS,JHS Svendgaard Retail Ventures Limited,NSE
RGL.NS,Renaissance Global Limited,NSE
RHETAN.NS,Rhetan TMT Limited,NSE
RHIM.NS,RHI MAGNESITA INDIA LIMITED,NSE
RHL.NS,Robust Hotels Limited,NSE
RICOAUTO.NS,Rico Auto Industries Limited,NSE
RIIL.NS,Reliance Industrial Infrastructure Limited,NSE
RISHABH.NS,Rishabh Instruments Limited,NSE
RITCO.NS,Ritco Logistics Limited,NSE
RITES.NS,RITES Limited,NSE
RKDL.NS,Ravi Kumar Distilleries Limited,NSE
RKEC.NS,RKEC Projects Limited,NSE
RKFORGE.NS,Ramkrishna Forgings Limited,NSE
RKSWAMY.NS,R K Swamy Limited,NSE
RMC.NS,RMC Switchgears Limited,NSE
RMDRIP.NS,R M Drip and Sprinklers Systems Limited,NSE
RML.NS,Rane (Madras) Limited,NSE
RNBDENIMS.NS,R&B Denims Limited,NSE
ROHLTD.NS,Royal Orchid Hotels Limited,NSE
ROLEXRINGS.NS,Rolex Rings Limited,NSE
ROLLT.NS,Rollatainers Limited,NSE
ROML.NS,Raj Oil Mills Limited,NSE
ROSSARI.NS,Rossari Biotech Limited,NSE
ROSSELLIND.NS,Rossell India Limited,NSE
ROSSTECH.NS,Rossell Techsys Limited,NSE
ROTO.NS,Roto Pumps Limited,NSE
ROUTE.NS,ROUTE MOBILE LIMITED,NSE
RPEL.NS,Raghav Productivity Enhancers Limited,NSE
RPGLIFE.NS,RPG Life Sciences Limited,NSE
RPOWER.NS,Reliance Power Limited,NSE
RPPINFRA.NS,R.P.P. Infra Projects Limited,NSE
RPPL.NS,Rajshree Polypack Limited,NSE
RPSGVENT.NS,RPSG VENTURES LIMITED,NSE
RPTECH.NS,Rashi Peripherals Limited,NSE
RRKABEL.NS,R R Kabel Limited,NSE
RSL.NS,Rajputana Stainless Limited,NSE
RSSOFTWARE.NS,R. S. Software (India) Limited,NSE
RSWM.NS,RSWM Limited,NSE
RSYSTEMS.NS,R Systems International Limited,NSE
RTNINDIA.NS,RattanIndia Enterprises Limited,NSE
RTNPOWER.NS,RattanIndia Power Limited,NSE
RUBFILA.NS,Rubfila International Limited,NSE
RUBICON.NS,Rubicon Research Limited,NSE
RUBYMILLS.NS,The Ruby Mills Limited,NSE
RUCHINFRA.NS,Ruchi Infrastructure Limited,NSE
RUCHIRA.NS,Ruchira Papers Limited,NSE
RUDRA.NS,Rudra Global Infra Products Limited,NSE
RUPA.NS,Rupa & Company Limited,NSE
RUSHIL.NS,Rushil Decor Limited,NSE
RUSTOMJEE.NS,Keystone Realtors Limited,NSE
RVHL.NS,Ravinder Heights Limited,NSE
RVNL.NS,Rail Vikas Nigam Limited,NSE
RVTH.NS,Revathi Equipment India Limited,NSE
S&SPOWER.NS,S&S Power Switchgears Limited,NSE
SAATVIKGL.NS,Saatvik Green Energy Limited,NSE
SADBHAV.NS,Sadbhav Engineering Limited,NSE
SADBHIN.NS,Sadbhav Infrastructure Project Limited,NSE
SADHNANIQ.NS,Sadhana Nitrochem Limited,NSE
SAFARI.NS,Safari Industries (India) Limited,NSE
SAGARDEEP.NS,Sagardeep Alloys Limited,NSE
SAGCEM.NS,Sagar Cements Limited,NSE
SAGILITY.NS,SAGILITY LIMITED,NSE
SAHLIBHFI.NS,Shalibhadra Finance Limited,NSE
SAHYADRI.NS,Sahyadri Industries Limited,NSE
SAIL.NS,Steel Authority of India Limited,NSE
SAILIFE.NS,Sai Life Sciences Limited,NSE
SAIPARENT.NS,Sai Parenterals Limited,NSE
SAKAR.NS,Sakar Healthcare Limited,NSE
SAKHTISUG.NS,Sakthi Sugars Limited,NSE
SAKSOFT.NS,Saksoft Limited,NSE
SAKUMA.NS,Sakuma Exports Limited,NSE
SALASAR.NS,Salasar Techno Engineering Limited,NSE
SALONA.NS,Salona Cotspin Limited,NSE
SALSTEEL.NS,S.A.L. Steel Limited,NSE
SALZERELEC.NS,Salzer Electronics Limited,NSE
SAMBHAAV.NS,Sambhaav Media Limited,NSE
SAMBHV.NS,Sambhv Steel Tubes Limited,NSE
SAMHI.NS,Samhi Hotels Limited,NSE
SAMMAANCAP.NS,Sammaan Capital Limited,NSE
SAMPANN.NS,Sampann Utpadan India Limited,NSE
SANATHAN.NS,Sanathan Textiles Limited,NSE
SANCO.NS,Sanco Industries Limited,NSE
SANDESH.NS,The Sandesh Limited,NSE
SANDHAR.NS,Sandhar Technologies Limited,NSE
SANDUMA.NS,Sandur Manganese & Iron Ores Limited,NSE
SANGAMIND.NS,Sangam (India) Limited,NSE
SANGHVIMOV.NS,Sanghvi Movers Limited,NSE
SANGINITA.NS,Sanginita Chemicals Limited,NSE
SANOFI.NS,Sanofi India Limited,NSE
SANOFICONR.NS,Sanofi Consumer Healthcare India Limited,NSE
SANSERA.NS,Sansera Engineering Limited,NSE
SANSTAR.NS,Sanstar Limited,NSE
SAPPHIRE.NS,Sapphire Foods India Limited,NSE
SARDAEN.NS,Sarda Energy & Minerals Limited,NSE
SAREGAMA.NS,Saregama India Limited,NSE
SARLAPOLY.NS,Sarla Performance Fibers Limited,NSE
SARVESHWAR.NS,Sarveshwar Foods Limited,NSE
SASKEN.NS,Sasken Technologies Limited,NSE
SASTASUNDR.NS,Sastasundar Ventures Limited,NSE
SATIA.NS,Satia Industries Limited,NSE
SATIN.NS,Satin Creditcare Network Limited,NSE
SAURASHCEM.NS,Saurashtra Cement Limited,NSE
SBC.NS,SBC Exports Limited,NSE
SBCL.NS,Shivalik Bimetal Controls Limited,NSE
SBFC.NS,SBFC Finance Limited,NSE
SBGLP.NS,Suratwwala Business Group Limited,NSE
SBICARD.NS,SBI Cards and Payment Services Limited,NSE
SBILIFE.NS,SBI Life Insurance Company Limited,NSE
SBIN.NS,State Bank of India,NSE
SCHAEFFLER.NS,Schaeffler India Limited,NSE
SCHAND.NS,S Chand And Company Limited,NSE
SCHNEIDER.NS,Schneider Electric Infrastructure Limited,NSE
SCI.NS,Shipping Corporation Of India Limited,NSE
SCILAL.NS,Shipping Corporation of India Land and Assets Limited,NSE
SCODATUBES.NS,Scoda Tubes Limited,NSE
SCPL.NS,Sheetal Cool Products Limited,NSE
SDBL.NS,Som Distilleries & Breweries Limited,NSE
SEAMECLTD.NS,Seamec Limited,NSE
SECMARK.NS,SecMark Consultancy Limited,NSE
SECURKLOUD.NS,SECUREKLOUD TECHNOLOGIES LIMITED,NSE
SEDEMAC.NS,SEDEMAC Mechatronics Limited,NSE
SEJALLTD.NS,Sejal Glass Limited,NSE
SELMC.NS,SEL Manufacturing Company Limited,NSE
SEMAC.NS,Semac Construction Limited,NSE
SENCO.NS,Senco Gold Limited,NSE
SENORES.NS,Senores Pharmaceuticals Limited,NSE
SEPC.NS,SEPC Limited,NSE
SERVOTECH.NS,Servotech Renewable Power System Limited,NSE
SESHAPAPER.NS,Seshasayee Paper and Boards Limited,NSE
SETCO.NS,Setco Automotive Limited,NSE
SETL.NS,Standard Engineering Technology Limited,NSE
SETUINFRA.NS,Setubandhan Infrastructure Limited,NSE
SEYAIND.NS,Seya Industries Limited,NSE
SFL.NS,Sheela Foam Limited,NSE
SGFIN.NS,SG Finserve Limited,NSE
SGIL.NS,Synergy Green Industries Limited,NSE
SGL.NS,STL Global Limited,NSE
SGMART.NS,SG Mart Limited,NSE
SHADOWFAX.NS,Shadowfax Technologies Limited,NSE
SHAH.NS,Shah Metacorp Limited,NSE
SHAHALLOYS.NS,Shah Alloys Limited,NSE
SHAILY.NS,Shaily Engineering Plastics Limited,NSE
SHAKTIPUMP.NS,Shakti Pumps (India) Limited,NSE
SHALBY.NS,Shalby Limited,NSE
SHALPAINTS.NS,Shalimar Paints Limited,NSE
SHANKARA.NS,Shankara Building Products Limited,NSE
SHANTI.NS,Shanti Overseas (India) Limited,NSE
SHANTIGEAR.NS,Shanthi Gears Limited,NSE
SHANTIGOLD.NS,Shanti Gold International Limited,NSE
SHARDACROP.NS,Sharda Cropchem Limited,NSE
SHARDAMOTR.NS,Sharda Motor Industries Limited,NSE
SHAREINDIA.NS,Share India Securities Limited,NSE
SHEKHAWATI.NS,Shekhawati Industries Limited,NSE
SHEMAROO.NS,Shemaroo Entertainment Limited,NSE
SHILCTECH.NS,Shilchar Technologies Limited,NSE
SHILPAMED.NS,Shilpa Medicare Limited,NSE
SHIVALIK.NS,Shivalik Rasayan Limited,NSE
SHIVAMAUTO.NS,Shivam Autotech Limited,NSE
SHIVAMILLS.NS,Shiva Mills Limited,NSE
SHIVATEX.NS,Shiva Texyarn Limited,NSE
SHIVAUM.NS,Shiv Aum Steels Limited,NSE
SHK.NS,S H Kelkar and Company Limited,NSE
SHOPERSTOP.NS,Shoppers Stop Limited,NSE
SHRADHA.NS,Shradha Realty Limited,NSE
SHREDIGCEM.NS,Shree Digvijay Cement Co.Ltd,NSE
SHREECEM.NS,SHREE CEMENT LIMITED,NSE
SHREEJISPG.NS,Shreeji Shipping Global Limited,NSE
SHREEPUSHK.NS,Shree Pushkar Chemicals & Fertilisers Limited,NSE
SHREERAMA.NS,Shree Rama Multi-Tech Limited,NSE
SHRENIK.NS,Shrenik Limited,NSE
SHREYANIND.NS,Shreyans Industries Limited,NSE
SHRINGARMS.NS,Shringar House of Mangalsutra Limited,NSE
SHRIPISTON.NS,Shriram Pistons & Rings Limited,NSE
SHRIRAMFIN.NS,Shriram Finance Limited,NSE
SHRIRAMPPS.NS,Shriram Properties Limited,NSE
SHYAMCENT.NS,Shyam Century Ferrous Limited,NSE
SHYAMMETL.NS,Shyam Metalics and Energy Limited,NSE
SHYAMTEL.NS,Shyam Telecom Limited,NSE
SICALLOG.NS,Sical Logistics Limited,NSE
SIEMENS.NS,Siemens Limited,NSE
SIGACHI.NS,Sigachi Industries Limited,NSE
SIGIND.NS,Signet Industries Limited,NSE
SIGMA.NS,Sigma Solve Limited,NSE
SIGMAADV.NS,SIGMA ADVANCED SYSTEMS LIMITED,NSE
SIGNATURE.NS,Signatureglobal (India) Limited,NSE
SIGNPOST.NS,Signpost India Limited,NSE
SIKKO.NS,Sikko Industries Limited,NSE
SIL.NS,Standard Industries Limited,NSE
SILGO.NS,Silgo Retail Limited,NSE
SILINV.NS,SIL Investments Limited,NSE
SILLYMONKS.NS,Silly Monks Entertainment Limited,NSE
SILVERTUC.NS,Silver Touch Technologies Limited,NSE
SIMBHALS.NS,Simbhaoli Sugars Limited,NSE
SIMPLEXINF.NS,Simplex Infrastructures Limited,NSE
SINCLAIR.NS,Sinclairs Hotels Limited,NSE
SINDHUTRAD.NS,Sindhu Trade Links Limited,NSE
SINGERIND.NS,Singer India Limited,NSE
SINTERCOM.NS,Sintercom India Limited,NSE
SIRCA.NS,Sirca Paints India Limited,NSE
SIS.NS,SIS LIMITED,NSE
SITINET.NS,Siti Networks Limited,NSE
SIYSIL.NS,Siyaram Silk Mills Limited,NSE
SJS.NS,S.J.S. Enterprises Limited,NSE
SJVN.NS,SJVN Limited,NSE
SKFINDIA.NS,SKF India Limited,NSE
SKFINDUS.NS,SKF India (Industrial) Limited,NSE
SKIPPER.NS,Skipper Limited,NSE
SKMEGGPROD.NS,SKM Egg Products Export (India) Limited,NSE
SKYGOLD.NS,SKY GOLD AND DIAMONDS LIMITED,NSE
SMARTLINK.NS,Smartlink Holdings Limited,NSE
SMARTWORKS.NS,Smartworks Coworking Spaces Limited,NSE
SMCGLOBAL.NS,SMC Global Securities Limited,NSE
SMLMAH.NS,SML Mahindra Limited,NSE
SMLT.NS,Sarthak Metals Limited,NSE
SMSPHARMA.NS,SMS Pharmaceuticals Limited,NSE
SNOWMAN.NS,Snowman Logistics Limited,NSE
SOBHA.NS,Sobha Limited,NSE
SOFTTECH.NS,Softtech Engineers Limited,NSE
SOLARA.NS,Solara Active Pharma Sciences Limited,NSE
SOLARINDS.NS,Solar Industries India Limited,NSE
SOLARWORLD.NS,Solarworld Energy Solutions Limited,NSE
SOLEX.NS,Solex Energy Limited,NSE
SOMANYCERA.NS,Somany Ceramics Limited,NSE
SOMATEX.NS,Soma Textiles & Industries Limited,NSE
SOMICONVEY.NS,Somi Conveyor Beltings Limited,NSE
SONACOMS.NS,Sona BLW Precision Forgings Limited,NSE
SONAMLTD.NS,SONAM LIMITED,NSE
SONATSOFTW.NS,Sonata Software Limited,NSE
SOTL.NS,Savita Oil Technologies Limited,NSE
SOUTHBANK.NS,The South Indian Bank Limited,NSE
SOUTHWEST.NS,South West Pinnacle Exploration Limited,NSE
SPAL.NS,S. P. Apparels Limited,NSE
SPANDANA.NS,Spandana Sphoorty Financial Limited,NSE
SPARC.NS,Sun Pharma Advanced Research Company Limited,NSE
SPCENET.NS,Spacenet Enterprises India Limited,NSE
SPECIALITY.NS,Speciality Restaurants Limited,NSE
SPECTRUM.NS,Spectrum Electrical Industries Limited,NSE
SPENCERS.NS,Spencer's Retail Limited,NSE
SPIC.NS,Southern Petrochemicals Industries Corporation  Limited,NSE
SPLIL.NS,SPL Industries Limited,NSE
SPLPETRO.NS,Supreme Petrochem Limited,NSE
SPMLINFRA.NS,SPML Infra Limited,NSE
SPORTKING.NS,Sportking India Limited,NSE
SRD.NS,Shankar Lal Rampal Dye-Chem Limited,NSE
SREEL.NS,Sreeleathers Limited,NSE
SRF.NS,SRF Limited,NSE
SRGHFL.NS,SRG Housing Finance Limited,NSE
SRHHYPOLTD.NS,Sree Rayalaseema Hi-Strength Hypo Limited,NSE
SRM.NS,SRM Contractors Limited,NSE
SRTL.NS,Shree Ram Twistex Limited,NSE
SSDL.NS,Saraswati Saree Depot Limited,NSE
SSWL.NS,Steel Strips Wheels Limited,NSE
STALLION.NS,Stallion India Fluorochemicals Limited,NSE
STANLEY.NS,Stanley Lifestyles Limited,NSE
STAR.NS,Strides Pharma Science Limited,NSE
STARCEMENT.NS,Star Cement Limited,NSE
STARHEALTH.NS,Star Health and Allied Insurance Company Limited,NSE
STARPAPER.NS,Star Paper Mills Limited,NSE
STARTECK.NS,Starteck Finance Limited,NSE
STCINDIA.NS,The State Trading Corporation of India Limited,NSE
STEELCAS.NS,Steelcast Limited,NSE
STEELCITY.NS,Steel City Securities Limited,NSE
STEELXIND.NS,STEEL EXCHANGE INDIA LIMITED,NSE
STEL.NS,Stel Holdings Limited,NSE
STERTOOLS.NS,Sterling Tools Limited,NSE
STLNETWORK.NS,STL Networks Limited,NSE
STLTECH.NS,Sterlite Technologies Limited,NSE
STOVEKRAFT.NS,Stove Kraft Limited,NSE
STUDDS.NS,Studds Accessories Limited,NSE
STYL.NS,Seshaasai Technologies Limited,NSE
STYLAMIND.NS,Stylam Industries Limited,NSE
STYLEBAAZA.NS,Baazar Style Retail Limited,NSE
STYRENIX.NS,Styrenix Performance Materials Limited,NSE
SUBEXLTD.NS,Subex Limited,NSE
SUBROS.NS,Subros Limited,NSE
SUDARCOLOR.NS,Sudarshan Colorants India Limited,NSE
SUDARSCHEM.NS,Sudarshan Chemical Industries Limited,NSE
SUDEEPPHRM.NS,Sudeep Pharma Limited,NSE
SUKHJITS.NS,Sukhjit Starch & Chemicals Limited,NSE
SULA.NS,Sula Vineyards Limited,NSE
SUMEETINDS.NS,Sumeet Industries Limited,NSE
SUMICHEM.NS,Sumitomo Chemical India Limited,NSE
SUMIT.NS,Sumit Woods Limited,NSE
SUMMITSEC.NS,Summit Securities Limited,NSE
SUNCLAY.NS,Sundaram Clayton Limited,NSE
SUNDARAM.NS,Sundaram Multi Pap Limited,NSE
SUNDARMFIN.NS,Sundaram Finance Limited,NSE
SUNDRMBRAK.NS,Sundaram Brake Linings Limited,NSE
SUNDRMFAST.NS,Sundram Fasteners Limited,NSE
SUNDROP.NS,Sundrop Brands Limited,NSE
SUNFLAG.NS,Sunflag Iron And Steel Company Limited,NSE
SUNPHARMA.NS,Sun Pharmaceutical Industries Limited,NSE
SUNTECK.NS,Sunteck Realty Limited,NSE
SUNTV.NS,Sun TV Network Limited,NSE
SUPERHOUSE.NS,Superhouse Limited,NSE
SUPERSPIN.NS,Super Spinning Mills Limited,NSE
SUPRAJIT.NS,Suprajit Engineering Limited,NSE
SUPREME.NS,Supreme Holdings & Hospitality (India) Limited,NSE
SUPREMEENG.NS,Supreme Engineering Limited,NSE
SUPREMEIND.NS,Supreme Industries Limited,NSE
SUPREMEINF.NS,Supreme Infrastructure India Limited,NSE
SUPRIYA.NS,Supriya Lifescience Limited,NSE
SURAJEST.NS,Suraj Estate Developers Limited,NSE
SURAJLTD.NS,Suraj Limited,NSE
SURAKSHA.NS,Suraksha Diagnostic Limited,NSE
SURANASOL.NS,Surana Solar Limited,NSE
SURANAT&P.NS,Surana Telecom and Power Limited,NSE
SURYALAXMI.NS,Suryalakshmi Cotton Mills Limited,NSE
SURYAROSNI.NS,Surya Roshni Limited,NSE
SURYODAY.NS,Suryoday Small Finance Bank Limited,NSE
SUTLEJTEX.NS,Sutlej Textiles and Industries Limited,NSE
SUVEN.NS,Suven Life Sciences Limited,NSE
SUVIDHAA.NS,Suvidhaa Infoserve Limited,NSE
SUYOG.NS,Suyog Telematics Limited,NSE
SUZLON.NS,Suzlon Energy Limited,NSE
SVLL.NS,Shree Vasu Logistics Limited,NSE
SVPGLOB.NS,SVP GLOBAL TEXTILES LIMITED,NSE
SWANCORP.NS,SWAN CORP LIMITED,NSE
SWANDEF.NS,Swan Defence and Heavy Industries Limited,NSE
SWARAJENG.NS,Swaraj Engines Limited,NSE
SWELECTES.NS,Swelect Energy Systems Limited,NSE
SWIGGY.NS,Swiggy Limited,NSE
SWSOLAR.NS,Sterling and Wilson Renewable Energy Limited,NSE
SYMPHONY.NS,Symphony Limited,NSE
SYNCOMF.NS,Syncom Formulations (India) Limited,NSE
SYNGENE.NS,Syngene International Limited,NSE
SYRMA.NS,Syrma SGS Technology Limited,NSE
SYSTMTXC.NS,Systematix Corporate Services Limited,NSE
TAINWALCHM.NS,Tainwala Chemical and Plastic (I) Limited,NSE
TAJGVK.NS,Taj GVK Hotels & Resorts Limited,NSE
TAKE.NS,Take Solutions Limited,NSE
TALBROAUTO.NS,Talbros Automotive Components Limited,NSE
TANLA.NS,Tanla Platforms Limited,NSE
TARACHAND.NS,Tara Chand InfraLogistic Solutions Limited,NSE
TARAPUR.NS,Tarapur Transformers Limited,NSE
TARC.NS,TARC Limited,NSE
TARIL.NS,Transformers And Rectifiers (India) Limited,NSE
TARMAT.NS,Tarmat Limited,NSE
TARSONS.NS,Tarsons Products Limited,NSE
TASTYBITE.NS,Tasty Bite Eatables Limited,NSE
TATACAP.NS,Tata Capital Limited,NSE
TATACHEM.NS,Tata Chemicals Limited,NSE
TATACOMM.NS,Tata Communications Limited,NSE
TATACONSUM.NS,TATA CONSUMER PRODUCTS LIMITED,NSE
TATAELXSI.NS,Tata Elxsi Limited,NSE
TATAINVEST.NS,Tata Investment Corporation Limited,NSE
TATAPOWER.NS,Tata Power Company Limited,NSE
TATASTEEL.NS,Tata Steel Limited,NSE
TATATECH.NS,Tata Technologies Limited,NSE
TATVA.NS,Tatva Chintan Pharma Chem Limited,NSE
TBOTEK.NS,TBO Tek Limited,NSE
TBZ.NS,Tribhovandas Bhimji Zaveri Limited,NSE
TCC.NS,TCC Concept Limited,NSE
TCI.NS,Transport Corporation of India Limited,NSE
TCIEXP.NS,TCI Express Limited,NSE
TCIFINANCE.NS,TCI Finance Limited,NSE
TCPLPACK.NS,TCPL Packaging Limited,NSE
TCS.NS,Tata Consultancy Services Limited,NSE
TDPOWERSYS.NS,TD Power Systems Limited,NSE
TEAMGTY.NS,Team India Guaranty Limited,NSE
TEAMLEASE.NS,Teamlease Services Limited,NSE
TECHM.NS,Tech Mahindra Limited,NSE
TECHNOE.NS,Techno Electric & Engineering Company Limited,NSE
TECILCHEM.NS,TECIL Chemicals and Hydro Power Limited,NSE
TEGA.NS,Tega Industries Limited,NSE
TEJASNET.NS,Tejas Networks Limited,NSE
TEMBO.NS,Tembo Global Industries Limited,NSE
TENNIND.NS,Tenneco Clean Air India Limited,NSE
TERASOFT.NS,Tera Software Limited,NSE
TEXINFRA.NS,Texmaco Infrastructure & Holdings Limited,NSE
TEXMOPIPES.NS,Texmo Pipes and Products Limited,NSE
TEXRAIL.NS,Texmaco Rail & Engineering Limited,NSE
TFCILTD.NS,Tourism Finance Corporation of India Limited,NSE
TFL.NS,Transwarranty Finance Limited,NSE
TGBHOTELS.NS,TGB Banquets And Hotels Limited,NSE
THANGAMAYL.NS,Thangamayil Jewellery Limited,NSE
THEINVEST.NS,The Investment Trust Of India Limited,NSE
THEJO.NS,Thejo Engineering Limited,NSE
THELEELA.NS,Leela Palaces Hotels & Resorts Limited,NSE
THEMISMED.NS,Themis Medicare Limited,NSE
THERMAX.NS,Thermax Limited,NSE
THOMASCOOK.NS,Thomas Cook  (India)  Limited,NSE
THOMASCOTT.NS,Thomas Scott (India) Limited,NSE
THYROCARE.NS,Thyrocare Technologies Limited,NSE
TI.NS,Tilaknagar Industries Limited,NSE
TICL.NS,Twamev Construction and Infrastructure Limited,NSE
TIGERLOGS.NS,Tiger Logistics (India) Limited,NSE
TIIL.NS,Technocraft Industries (India) Limited,NSE
TIINDIA.NS,Tube Investments of India Limited,NSE
TIJARIA.NS,Tijaria Polypipes Limited,NSE
TIL.NS,TIL Limited,NSE
TIMETECHNO.NS,Time Technoplast Limited,NSE
TIMKEN.NS,Timken India Limited,NSE
TINNARUBR.NS,Tinna Rubber and Infrastructure Limited,NSE
TIPSFILMS.NS,Tips Films Limited,NSE
TIPSMUSIC.NS,Tips Music Limited,NSE
TIRUMALCHM.NS,Thirumalai Chemicals Limited,NSE
TIRUPATIFL.NS,Tirupati Forge Limited,NSE
TITAGARH.NS,TITAGARH RAIL SYSTEMS LIMITED,NSE
TITAN.NS,Titan Company Limited,NSE
TMB.NS,Tamilnad Mercantile Bank Limited,NSE
TMCV.NS,Tata Motors Limited,NSE
TMPV.NS,Tata Motors Passenger Vehicles Limited,NSE
TNPETRO.NS,Tamilnadu PetroProducts Limited,NSE
TNPL.NS,Tamil Nadu Newsprint & Papers Limited,NSE
TNTELE.NS,Tamilnadu Telecommunication Limited,NSE
TOKYOPLAST.NS,Tokyo Plast International Limited,NSE
TOLINS.NS,Tolins Tyres Limited,NSE
TORNTPHARM.NS,Torrent Pharmaceuticals Limited,NSE
TORNTPOWER.NS,Torrent Power Limited,NSE
TOTAL.NS,Total Transport Systems Limited,NSE
TOUCHWOOD.NS,Touchwood Entertainment Limited,NSE
TPHQ.NS,Teamo Productions HQ Limited,NSE
TPLPLASTEH.NS,TPL Plastech Limited,NSE
TRACXN.NS,Tracxn Technologies Limited,NSE
TRANSRAILL.NS,Transrail Lighting Limited,NSE
TRANSWORLD.NS,TRANSWORLD SHIPPING LINES LIMITED,NSE
TRAVELFOOD.NS,Travel Food Services Limited,NSE
TREEHOUSE.NS,Tree House Education & Accessories Limited,NSE
TREJHARA.NS,TREJHARA SOLUTIONS LIMITED,NSE
TREL.NS,Transindia Real Estate Limited,NSE
TRENT.NS,Trent Limited,NSE
TRF.NS,TRF Limited,NSE
TRIDENT.NS,Trident Limited,NSE
TRIGYN.NS,Trigyn Technologies Limited,NSE
TRITURBINE.NS,Triveni Turbine Limited,NSE
TRIVENI.NS,Triveni Engineering & Industries Limited,NSE
TRU.NS,TruCap Finance Limited,NSE
TRUALT.NS,TruAlt Bioenergy Limited,NSE
TSFINV.NS,TSF INVESTMENTS LIMITED,NSE
TTKHLTCARE.NS,TTK Healthcare Limited,NSE
TTKPRESTIG.NS,TTK Prestige Limited,NSE
TTL.NS,T T Limited,NSE
TTML.NS,Tata Teleservices (Maharashtra) Limited,NSE
TVSELECT.NS,TVS Electronics Limited,NSE
TVSHLTD.NS,TVS Holdings Limited,NSE
TVSMOTOR.NS,TVS Motor Company Limited,NSE
TVSSCS.NS,TVS Supply Chain Solutions Limited,NSE
TVSSRICHAK.NS,TVS Srichakra Limited,NSE
TVTODAY.NS,TV Today Network Limited,NSE
TVVISION.NS,TV Vision Limited,NSE
UBL.NS,United Breweries Limited,NSE
UCAL.NS,UCAL LIMITED,NSE
UCOBANK.NS,UCO Bank,NSE
UDS.NS,Updater Services Limited,NSE
UEL.NS,Ujaas Energy Limited,NSE
UFBL.NS,United Foodbrands Limited,NSE
UFLEX.NS,UFLEX Limited,NSE
UFO.NS,UFO Moviez India Limited,NSE
UGARSUGAR.NS,The Ugar Sugar Works Limited,NSE
UGROCAP.NS,Ugro Capital Limited,NSE
UJJIVANSFB.NS,Ujjivan Small Finance Bank Limited,NSE
ULTRACEMCO.NS,UltraTech Cement Limited,NSE
UMAEXPORTS.NS,Uma Exports Limited,NSE
UMESLTD.NS,Usha Martin Education & Solutions Limited,NSE
UMIYA-MRO.NS,UMIYA BUILDCON LIMITED,NSE
UNICHEMLAB.NS,Unichem Laboratories Limited,NSE
UNIDT.NS,United Drilling Tools Limited,NSE
UNIECOM.NS,Unicommerce Esolutions Limited,NSE
UNIENTER.NS,Uniphos Enterprises Limited,NSE
UNIINFO.NS,Uniinfo Telecom Services Limited,NSE
UNIMECH.NS,Unimech Aerospace and Manufacturing Limited,NSE
UNIONBANK.NS,Union Bank of India,NSE
UNIPARTS.NS,Uniparts India Limited,NSE
UNITDSPR.NS,United Spirits Limited,NSE
UNITECH.NS,Unitech Limited,NSE
UNITEDPOLY.NS,United Polyfab Gujarat Limited,NSE
UNITEDTEA.NS,The United Nilgiri Tea Estates Company Limited,NSE
UNIVASTU.NS,Univastu India Limited,NSE
UNIVCABLES.NS,Universal Cables Limited,NSE
UNIVPHOTO.NS,Universus Photo Imagings Limited,NSE
UNOMINDA.NS,UNO Minda Limited,NSE
UPL.NS,UPL Limited,NSE
URAVIDEF.NS,Uravi Defence and Technology Limited,NSE
URBANCO.NS,Urban Company Limited,NSE
URJA.NS,Urja Global Limited,NSE
USHAMART.NS,Usha Martin Limited,NSE
USK.NS,Udayshivakumar Infra Limited,NSE
UTIAMC.NS,UTI Asset Management Company Limited,NSE
UTKARSHBNK.NS,Utkarsh Small Finance Bank Limited,NSE
UTLSOLAR.NS,Fujiyama Power Systems Limited,NSE
UTTAMSUGAR.NS,Uttam Sugar Mills Limited,NSE
UYFINCORP.NS,U. Y. Fincorp Limited,NSE
V2RETAIL.NS,V2 Retail Limited,NSE
VADILALIND.NS,Vadilal Industries Limited,NSE
VAIBHAVGBL.NS,Vaibhav Global Limited,NSE
VAISHALI.NS,Vaishali Pharma Limited,NSE
VAKRANGEE.NS,Vakrangee Limited,NSE
VALIANTLAB.NS,Valiant Laboratories Limited,NSE
VALIANTORG.NS,Valiant Organics Limited,NSE
VARDHACRLC.NS,Vardhman Acrylics Limited,NSE
VARDMNPOLY.NS,Vardhman Polytex Limited,NSE
VARROC.NS,Varroc Engineering Limited,NSE
VASCONEQ.NS,Vascon Engineers Limited,NSE
VASWANI.NS,Vaswani Industries Limited,NSE
VBL.NS,Varun Beverages Limited,NSE
VCL.NS,Vaxtex Cotfab Limited,NSE
VEDL.NS,Vedanta Limited,NSE
VEEDOL.NS,Veedol Corporation Limited,NSE
VENKEYS.NS,Venky's (India) Limited,NSE
VENTIVE.NS,Ventive Hospitality Limited,NSE
VENUSPIPES.NS,Venus Pipes & Tubes Limited,NSE
VENUSREM.NS,Venus Remedies Limited,NSE
VERANDA.NS,Veranda Learning Solutions Limited,NSE
VERTOZ.NS,Vertoz Limited,NSE
VESUVIUS.NS,Vesuvius India Limited,NSE
VETO.NS,Veto Switchgears And Cables Limited,NSE
VGL.NS,VARVEE GLOBAL LIMITED,NSE
VGUARD.NS,V-Guard Industries Limited,NSE
VHL.NS,Vardhman Holdings Limited,NSE
VHLTD.NS,Viceroy Hotels Limited,NSE
VIDHIING.NS,Vidhi Specialty Food Ingredients Limited,NSE
VIDYAWIRES.NS,Vidya Wires Limited,NSE
VIJAYA.NS,Vijaya Diagnostic Centre Limited,NSE
VIJIFIN.NS,Viji Finance Limited,NSE
VIKASECO.NS,Vikas EcoTech Limited,NSE
VIKASLIFE.NS,Vikas Lifecare Limited,NSE
VIKRAMSOLR.NS,Vikram Solar Limited,NSE
VIKRAN.NS,Vikran Engineering Limited,NSE
VIMTALABS.NS,Vimta Labs Limited,NSE
VINATIORGA.NS,Vinati Organics Limited,NSE
VINCOFE.NS,Vintage Coffee And Beverages Limited,NSE
VINDHYATEL.NS,Vindhya Telelinks Limited,NSE
VINEETLAB.NS,Vineet Laboratories Limited,NSE
VINNY.NS,Vinny Overseas Limited,NSE
VINYLINDIA.NS,Vinyl Chemicals (India) Limited,NSE
VIPCLOTHNG.NS,VIP Clothing Limited,NSE
VIPIND.NS,VIP Industries Limited,NSE
VIPULLTD.NS,Vipul Limited,NSE
VIRINCHI.NS,Virinchi Limited,NSE
VISAKAIND.NS,Visaka Industries Limited,NSE
VISASTEEL.NS,Visa Steel Limited,NSE
VISHNU.NS,Vishnu Chemicals Limited,NSE
VISHWARAJ.NS,Vishwaraj Sugar Industries Limited,NSE
VITAL.NS,Vital Chemtech Limited,NSE
VIVIDHA.NS,Visagar Polytex Limited,NSE
VIVIMEDLAB.NS,Vivimed Labs Limited,NSE
VIYASH.NS,Viyash Scientific Limited,NSE
VLEGOV.NS,VL E-Governance & IT Solutions Limited,NSE
VLSFINANCE.NS,VLS Finance Limited,NSE
VMART.NS,V-Mart Retail Limited,NSE
VMM.NS,Vishal Mega Mart Limited,NSE
VMSTMT.NS,VMS TMT Limited,NSE
VOLTAMP.NS,Voltamp Transformers Limited,NSE
VOLTAS.NS,Voltas Limited,NSE
VPRPL.NS,Vishnu Prakash R Punglia Limited,NSE
VRAJ.NS,Vraj Iron and Steel Limited,NSE
VRLLOG.NS,VRL Logistics Limited,NSE
VSSL.NS,Vardhman Special Steels Limited,NSE
VSTIND.NS,VST Industries Limited,NSE
VSTL.NS,Vibhor Steel Tubes Limited,NSE
VSTTILLERS.NS,V.S.T Tillers Tractors Limited,NSE
VTL.NS,Vardhman Textiles Limited,NSE
WAAREEENER.NS,Waaree Energies Limited,NSE
WAAREEINDO.NS,Indosolar Limited,NSE
WAAREERTL.NS,Waaree Renewable Technologies Limited,NSE
WABAG.NS,VA Tech Wabag Limited,NSE
WAKEFIT.NS,Wakefit Innovations Limited,NSE
WALCHANNAG.NS,Walchandnagar Industries Limited,NSE
WANBURY.NS,Wanbury Limited,NSE
WCIL.NS,Western Carriers (India) Limited,NSE
WEALTH.NS,Wealth First Portfolio Managers Limited,NSE
WEBELSOLAR.NS,Websol Energy System Limited,NSE
WEIZMANIND.NS,Weizmann Limited,NSE
WEL.NS,Wonder Electricals Limited,NSE
WELCORP.NS,Welspun Corp Limited,NSE
WELENT.NS,Welspun Enterprises Limited,NSE
WELINV.NS,Welspun Investments and Commercials Limited,NSE
WELSPUNLIV.NS,Welspun Living Limited,NSE
WENDT.NS,Wendt (India) Limited,NSE
WESTLIFE.NS,WESTLIFE FOODWORLD LIMITED,NSE
WEWIN.NS,WE WIN LIMITED,NSE
WEWORK.NS,WeWork India Management Limited,NSE
WHEELS.NS,Wheels India Limited,NSE
WHIRLPOOL.NS,Whirlpool of India Limited,NSE
WILLAMAGOR.NS,Williamson Magor & Company Limited,NSE
WINDLAS.NS,Windlas Biotech Limited,NSE
WINDMACHIN.NS,Windsor Machines Limited,NSE
WINSOME.NS,Winsome Yarns Limited,NSE
WIPL.NS,The Western India Plywoods Limited,NSE
WIPRO.NS,Wipro Limited,NSE
WOCKPHARMA.NS,Wockhardt Limited,NSE
WONDERLA.NS,Wonderla Holidays Limited,NSE
WORTHPERI.NS,Worth Peripherals Limited,NSE
WSI.NS,W S Industries (I) Limited,NSE
WSTCSTPAPR.NS,West Coast Paper Mills Limited,NSE
XCHANGING.NS,Xchanging Solutions Limited,NSE
XELPMOC.NS,Xelpmoc Design And Tech Limited,NSE
XPROINDIA.NS,Xpro India Limited,NSE
XTGLOBAL.NS,Xtglobal Infotech Limited,NSE
YASHO.NS,Yasho Industries Limited,NSE
YATHARTH.NS,Yatharth Hospital & Trauma Care Services Limited,NSE
YATRA.NS,Yatra Online Limited,NSE
YESBANK.NS,Yes Bank Limited,NSE
YUKEN.NS,Yuken India Limited,NSE
ZAGGLE.NS,Zaggle Prepaid Ocean Services Limited,NSE
ZEEL.NS,Zee Entertainment Enterprises Limited,NSE
ZEELEARN.NS,Zee Learn Limited,NSE
ZEEMEDIA.NS,Zee Media Corporation Limited,NSE
ZENITHEXPO.NS,Zenith Exports Limited,NSE
ZENITHSTL.NS,Zenith Steel Pipes & Industries Limited,NSE
ZENSARTECH.NS,Zensar Technologies Limited,NSE
ZENTEC.NS,Zen Technologies Limited,NSE
ZFCVINDIA.NS,ZF Commercial Vehicle Control Systems India Limited,NSE
ZIMLAB.NS,Zim Laboratories Limited,NSE
ZODIAC.NS,Zodiac Energy Limited,NSE
ZODIACLOTH.NS,Zodiac Clothing Company Limited,NSE
ZOTA.NS,Zota Health Care LImited,NSE
ZUARI.NS,Zuari Agro Chemicals Limited,NSE
ZUARIIND.NS,ZUARI INDUSTRIES LIMITED,NSE
ZYDUSLIFE.NS,Zydus Lifesciences Limited,NSE
ZYDUSWELL.NS,Zydus Wellness Limited,NSE
